route_key,route_label,origin_address,destination_address,google_distance_m,google_duration_seconds,google_origin_lat,google_origin_lng,google_destination_lat,google_destination_lng,google_origin_elevation_m,google_destination_elevation_m,distance_provider,api_status,api_error,updated_at
"acatzingo, puebla -> muscle shoals, alabama","Acatzingo, Puebla -> Muscle Shoals, Alabama","Acatzingo, Puebla","Muscle Shoals, Alabama",2663882.0,,18.9806374,-97.784272,34.7448112,-87.66752919999999,2141.869140625,152.7047576904297,,OK,,2026-07-08T13:51:14
"acatzingo, puebla -> russellville, kentucky","Acatzingo, Puebla -> Russellville, Kentucky","Acatzingo, Puebla","Russellville, Kentucky",2851756.0,,18.9806374,-97.784272,36.8453199,-86.887219,2141.869140625,181.8478698730469,,OK,,2026-07-08T13:51:16
"acelotla de ocampo, hidalgo -> muscle shoals, alabama","Acelotla de Ocampo, Hidalgo -> Muscle Shoals, Alabama","Acelotla de Ocampo, Hidalgo","Muscle Shoals, Alabama",2561291.0,,19.8876532,-98.6539921,34.7448112,-87.66752919999999,2485.278076171875,152.7047576904297,,OK,,2026-07-08T13:51:17
"acolman, estado de mexico -> muscle shoals, alabama","Acolman, Estado de México -> Muscle Shoals, Alabama","Acolman, Estado de México","Muscle Shoals, Alabama",2602434.0,,19.6420614,-98.9107373,34.7448112,-87.66752919999999,2259.96484375,152.7047576904297,,OK,,2026-07-08T13:51:19
"acuna, coahuila de zaragoza -> apodaca, nuevo leon","Acuña, Coahuila de Zaragoza -> Apodaca, Nuevo León","Acuña, Coahuila de Zaragoza","Apodaca, Nuevo León",473326.0,,29.3212355,-100.9602608,25.776468,-100.1858743,284.6236877441406,430.6315002441406,,OK,,2026-07-08T13:51:20
"aguascalientes, aguascalientes -> ciudad general escobedo, nuevo leon","Aguascalientes, Aguascalientes -> Ciudad General Escobedo, Nuevo León","Aguascalientes, Aguascalientes","Ciudad General Escobedo, Nuevo León",575255.0,,21.8852562,-102.2915677,25.8002233,-100.3122083,1870.779296875,499.1261596679688,,OK,,2026-07-08T13:51:22
"aguascalientes, aguascalientes -> ciudad juarez, chihuahua","Aguascalientes, Aguascalientes -> Ciudad Juárez, Chihuahua","Aguascalientes, Aguascalientes","Ciudad Juárez, Chihuahua",1311801.0,,21.8852562,-102.2915677,31.6903638,-106.4245478,1870.779296875,1127.196411132812,,OK,,2026-07-08T13:51:23
"aguascalientes, aguascalientes -> coatzacoalcos, veracruz de ignacio de la llave","Aguascalientes, Aguascalientes -> Coatzacoalcos, Veracruz de Ignacio de la Llave","Aguascalientes, Aguascalientes","Coatzacoalcos, Veracruz de Ignacio de la Llave",1075381.0,,21.8852562,-102.2915677,18.1497687,-94.418581,1870.779296875,10.80218410491943,,OK,,2026-07-08T13:51:25
"aguascalientes, aguascalientes -> cuautitlan izcalli, estado de mexico","Aguascalientes, Aguascalientes -> Cuautitlán Izcalli, Estado de México","Aguascalientes, Aguascalientes","Cuautitlán Izcalli, Estado de México",460250.0,,21.8852562,-102.2915677,19.6528089,-99.2231387,1870.779296875,2277.62060546875,,OK,,2026-07-08T13:51:26
"aguascalientes, aguascalientes -> merida, yucatan","Aguascalientes, Aguascalientes -> Mérida, Yucatán","Aguascalientes, Aguascalientes","Mérida, Yucatán",1791037.0,,21.8852562,-102.2915677,20.9673702,-89.5925857,1870.779296875,9.383517265319824,,OK,,2026-07-08T13:51:28
"aguascalientes, aguascalientes -> queretaro, queretaro","Aguascalientes, Aguascalientes -> Querétaro, Querétaro","Aguascalientes, Aguascalientes","Querétaro, Querétaro",287697.0,,21.8852562,-102.2915677,20.5887932,-100.3898881,1870.779296875,1816.216796875,,OK,,2026-07-08T13:51:29
"aguascalientes, aguascalientes -> san luis potosi, san luis potosi","Aguascalientes, Aguascalientes -> San Luis Potosí, San Luis Potosí","Aguascalientes, Aguascalientes","San Luis Potosí, San Luis Potosí",168702.0,,21.8852562,-102.2915677,22.1520892,-100.9733024,1870.779296875,1865.477172851562,,OK,,2026-07-08T13:51:30
"aguascalientes, aguascalientes -> san pedro tlaquepaque, jalisco","Aguascalientes, Aguascalientes -> San Pedro Tlaquepaque, Jalisco","Aguascalientes, Aguascalientes","San Pedro Tlaquepaque, Jalisco",219567.0,,21.8852562,-102.2915677,20.6025191,-103.3361581,1870.779296875,1564.796630859375,,OK,,2026-07-08T13:51:32
"aguascalientes, aguascalientes -> tijuana, baja california","Aguascalientes, Aguascalientes -> Tijuana, Baja California","Aguascalientes, Aguascalientes","Tijuana, Baja California",2440960.0,,21.8852562,-102.2915677,32.5331957,-117.0192784,1870.779296875,22.42227745056152,,OK,,2026-07-08T13:51:34
"aguascalientes, aguascalientes -> tonala, jalisco","Aguascalientes, Aguascalientes -> Tonalá, Jalisco","Aguascalientes, Aguascalientes","Tonalá, Jalisco",209652.0,,21.8852562,-102.2915677,20.6237413,-103.2413723,1870.779296875,1662.29296875,,OK,,2026-07-08T13:51:35
"aguascalientes, aguascalientes -> tultitlan, estado de mexico","Aguascalientes, Aguascalientes -> Tultitlán, Estado de México","Aguascalientes, Aguascalientes","Tultitlán, Estado de México",465815.0,,21.8852562,-102.2915677,19.6392125,-99.1668646,1870.779296875,2246.053955078125,,OK,,2026-07-08T13:51:37
"aguascalientes, aguascalientes -> villahermosa, tabasco","Aguascalientes, Aguascalientes -> Villahermosa, Tabasco","Aguascalientes, Aguascalientes","Villahermosa, Tabasco",1230234.0,,21.8852562,-102.2915677,17.989456,-92.9475061,1870.779296875,20.52006149291992,,OK,,2026-07-08T13:51:38
"alamo temapache, veracruz de ignacio de la llave -> queretaro, queretaro","Álamo Temapache, Veracruz de Ignacio de la Llave -> Querétaro, Querétaro","Álamo Temapache, Veracruz de Ignacio de la Llave","Querétaro, Querétaro",436173.0,,20.9103291,-97.6750256,20.5887932,-100.3898881,23.0546817779541,1816.216796875,,OK,,2026-07-08T13:51:39
"albany, georgia -> cuautla, morelos","Albany, Georgia -> Cuautla, Morelos","Albany, Georgia","Cuautla, Morelos",2770684.0,,31.5784757,-84.15136869999999,18.8126047,-98.9548261,61.16370391845703,1298.065551757812,,OK,,2026-07-08T13:51:41
"albany, georgia -> laredo, texas","Albany, Georgia -> Laredo, Texas","Albany, Georgia","Laredo, Texas",1701249.0,,31.5784757,-84.15136869999999,27.5035613,-99.5075519,61.16370391845703,129.2351531982422,,OK,,2026-07-08T13:51:42
"altamira, tamaulipas -> huehuetoca, estado de mexico","Altamira, Tamaulipas -> Huehuetoca, Estado de México","Altamira, Tamaulipas","Huehuetoca, Estado de México",485454.0,,22.4077462,-97.9211555,19.8277305,-99.2037508,25.66448402404785,2254.439697265625,,OK,,2026-07-08T13:51:43
"altamira, tamaulipas -> lagos de moreno, jalisco","Altamira, Tamaulipas -> Lagos de Moreno, Jalisco","Altamira, Tamaulipas","Lagos de Moreno, Jalisco",596731.0,,22.4077462,-97.9211555,21.3634964,-101.9291015,25.66448402404785,1917.813598632812,,OK,,2026-07-08T13:51:45
"altamira, tamaulipas -> little rock, arkansas","Altamira, Tamaulipas -> Little Rock, Arkansas","Altamira, Tamaulipas","Little Rock, Arkansas",1739418.0,,22.4077462,-97.9211555,34.7428286,-92.2762904,25.66448402404785,90.5478744506836,,OK,,2026-07-08T13:51:46
"altamira, tamaulipas -> monterrey, nuevo leon","Altamira, Tamaulipas -> Monterrey, Nuevo León","Altamira, Tamaulipas","Monterrey, Nuevo León",486567.0,,22.4077462,-97.9211555,25.6866142,-100.3161126,25.66448402404785,541.4471435546875,,OK,,2026-07-08T13:51:48
"altamira, tamaulipas -> parque industrial bernardo quintana, queretaro","Altamira, Tamaulipas -> Parque Industrial Bernardo Quintana, Querétaro","Altamira, Tamaulipas","Parque Industrial Bernardo Quintana, Querétaro",606145.0,,22.4077462,-97.9211555,20.563088,-100.2767583,25.66448402404785,2014.342651367188,,OK,,2026-07-08T13:51:50
"altamira, tamaulipas -> piney flats, tennessee","Altamira, Tamaulipas -> Piney Flats, Tennessee","Altamira, Tamaulipas","Piney Flats, Tennessee",2697089.0,,22.4077462,-97.9211555,36.4266616,-82.3159635,25.66448402404785,488.0879516601562,,OK,,2026-07-08T13:51:51
"altamira, tamaulipas -> queretaro, queretaro","Altamira, Tamaulipas -> Querétaro, Querétaro","Altamira, Tamaulipas","Querétaro, Querétaro",644466.0,,22.4077462,-97.9211555,20.5887932,-100.3898881,25.66448402404785,1816.216796875,,OK,,2026-07-08T13:51:52
"altamira, tamaulipas -> san juan del rio, queretaro","Altamira, Tamaulipas -> San Juan del Río, Querétaro","Altamira, Tamaulipas","San Juan del Río, Querétaro",569438.0,,22.4077462,-97.9211555,20.3951106,-99.9856344,25.66448402404785,1920.125122070312,,OK,,2026-07-08T13:51:54
"altamira, tamaulipas -> san luis potosi, san luis potosi","Altamira, Tamaulipas -> San Luis Potosí, San Luis Potosí","Altamira, Tamaulipas","San Luis Potosí, San Luis Potosí",450368.0,,22.4077462,-97.9211555,22.1520892,-100.9733024,25.66448402404785,1865.477172851562,,OK,,2026-07-08T13:51:55
"altamira, tamaulipas -> san nicolas de los garza, nuevo leon","Altamira, Tamaulipas -> San Nicolás de los Garza, Nuevo León","Altamira, Tamaulipas","San Nicolás de los Garza, Nuevo León",497584.0,,22.4077462,-97.9211555,25.7481625,-100.2844842,25.66448402404785,496.5721130371094,,OK,,2026-07-08T13:51:57
"altamira, tamaulipas -> santiago de queretaro, queretaro","Altamira, Tamaulipas -> Santiago de Querétaro, Querétaro","Altamira, Tamaulipas","Santiago de Querétaro, Querétaro",644466.0,,22.4077462,-97.9211555,20.5887932,-100.3898881,25.66448402404785,1816.216796875,,OK,,2026-07-08T13:51:58
"amatitan, jalisco -> laredo, texas","Amatitán, Jalisco -> Laredo, Texas","Amatitán, Jalisco","Laredo, Texas",1068793.0,,20.8364544,-103.7318129,27.5035613,-99.5075519,1250.440063476562,129.2351531982422,,OK,,2026-07-08T13:52:00
"americus, georgia -> cuautla, morelos","Americus, Georgia -> Cuautla, Morelos","Americus, Georgia","Cuautla, Morelos",2819391.0,,32.0723861,-84.23268759999999,18.8126047,-98.9548261,131.2712860107422,1298.065551757812,,OK,,2026-07-08T13:52:01
"amozoc, puebla -> chattanooga, tennessee","Amozoc, Puebla -> Chattanooga, Tennessee","Amozoc, Puebla","Chattanooga, Tennessee",2821543.0,,19.043829,-98.0437894,35.0457984,-85.3093995,2314.93212890625,206.5224914550781,,OK,,2026-07-08T13:52:03
"amozoc, puebla -> columbus, indiana","Amozoc, Puebla -> Columbus, Indiana","Amozoc, Puebla","Columbus, Indiana",3171831.0,,19.043829,-98.0437894,39.2014404,-85.9213796,2314.93212890625,191.5959625244141,,OK,,2026-07-08T13:52:04
"amozoc, puebla -> gaffney, south carolina","Amozoc, Puebla -> Gaffney, South Carolina","Amozoc, Puebla","Gaffney, South Carolina",3097655.0,,19.043829,-98.0437894,35.0717945,-81.64981949999999,2314.93212890625,239.0801544189453,,OK,,2026-07-08T13:52:06
"andalusia, alabama -> cuautla, morelos","Andalusia, Alabama -> Cuautla, Morelos","Andalusia, Alabama","Cuautla, Morelos",2521522.0,,31.3085039,-86.48329129999999,18.8126047,-98.9548261,106.1504745483398,1298.065551757812,,OK,,2026-07-08T13:52:08
"apaxco, estado de mexico -> oklahoma city, oklahoma","Apaxco, Estado de México -> Oklahoma City, Oklahoma","Apaxco, Estado de México","Oklahoma City, Oklahoma",2080954.0,,19.9727119,-99.1734048,35.4688692,-97.519539,2187.69970703125,364.57568359375,,OK,,2026-07-08T13:52:09
"apodaca, nuevo leon -> apodaca, nuevo leon","Apodaca, Nuevo León -> Apodaca, Nuevo León","Apodaca, Nuevo León","Apodaca, Nuevo León",0.0,,25.776468,-100.1858743,25.776468,-100.1858743,430.6315002441406,430.6315002441406,,OK,,2026-07-08T13:52:11
"apodaca, nuevo leon -> arandas, jalisco","Apodaca, Nuevo León -> Arandas, Jalisco","Apodaca, Nuevo León","Arandas, Jalisco",756170.0,,25.776468,-100.1858743,20.705519,-102.346916,430.6315002441406,2066.971435546875,,OK,,2026-07-08T13:52:13
"apodaca, nuevo leon -> atizapan, estado de mexico","Apodaca, Nuevo León -> Atizapán, Estado de México","Apodaca, Nuevo León","Atizapán, Estado de México",909286.0,,25.776468,-100.1858743,19.5562275,-99.2674713,430.6315002441406,2324.26806640625,,OK,,2026-07-08T13:52:14
"apodaca, nuevo leon -> augusta, georgia","Apodaca, Nuevo León -> Augusta, Georgia","Apodaca, Nuevo León","Augusta, Georgia",2238553.0,,25.776468,-100.1858743,33.4687314,-82.0283188,430.6315002441406,125.4676742553711,,OK,,2026-07-08T13:52:15
"apodaca, nuevo leon -> austin, texas","Apodaca, Nuevo León -> Austin, Texas","Apodaca, Nuevo León","Austin, Texas",598451.0,,25.776468,-100.1858743,30.267153,-97.7430608,430.6315002441406,149.0889434814453,,OK,,2026-07-08T13:52:17
"apodaca, nuevo leon -> belleville, ontario","Apodaca, Nuevo León -> Belleville, Ontario","Apodaca, Nuevo León","Belleville, Ontario",3362476.0,,25.776468,-100.1858743,44.1640002,-77.3825631,430.6315002441406,78.77214050292969,,OK,,2026-07-08T13:52:18
"apodaca, nuevo leon -> berkeley, california","Apodaca, Nuevo León -> Berkeley, California","Apodaca, Nuevo León","Berkeley, California",3050055.0,,25.776468,-100.1858743,37.8715226,-122.273042,430.6315002441406,51.06609725952148,,OK,,2026-07-08T13:52:20
"apodaca, nuevo leon -> brampton, ontario","Apodaca, Nuevo León -> Brampton, Ontario","Apodaca, Nuevo León","Brampton, Ontario",3169556.0,,25.776468,-100.1858743,43.68816899999999,-79.763015,430.6315002441406,213.3280944824219,,OK,,2026-07-08T13:52:21
"apodaca, nuevo leon -> brooks, kentucky","Apodaca, Nuevo León -> Brooks, Kentucky","Apodaca, Nuevo León","Brooks, Kentucky",2233704.0,,25.776468,-100.1858743,38.0638317,-85.722742,430.6315002441406,175.1919860839844,,OK,,2026-07-08T13:52:22
"apodaca, nuevo leon -> buena park, california","Apodaca, Nuevo León -> Buena Park, California","Apodaca, Nuevo León","Buena Park, California",2431581.0,,25.776468,-100.1858743,33.8674044,-117.9981387,430.6315002441406,21.48448181152344,,OK,,2026-07-08T13:52:24
"apodaca, nuevo leon -> burlington, ontario","Apodaca, Nuevo León -> Burlington, Ontario","Apodaca, Nuevo León","Burlington, Ontario",3137149.0,,25.776468,-100.1858743,43.32601200000001,-79.7982923,430.6315002441406,85.38084411621094,,OK,,2026-07-08T13:52:25
"apodaca, nuevo leon -> celaya, guanajuato","Apodaca, Nuevo León -> Celaya, Guanajuato","Apodaca, Nuevo León","Celaya, Guanajuato",736698.0,,25.776468,-100.1858743,20.5279612,-100.8112885,430.6315002441406,1759.49169921875,,OK,,2026-07-08T13:52:27
"apodaca, nuevo leon -> chicago, illinois","Apodaca, Nuevo León -> Chicago, Illinois","Apodaca, Nuevo León","Chicago, Illinois",2399925.0,,25.776468,-100.1858743,41.88325,-87.6323879,430.6315002441406,183.0,,OK,,2026-07-08T13:52:28
"apodaca, nuevo leon -> cincinnati, ohio","Apodaca, Nuevo León -> Cincinnati, Ohio","Apodaca, Nuevo León","Cincinnati, Ohio",2410836.0,,25.776468,-100.1858743,39.1031182,-84.5120196,430.6315002441406,167.9832916259766,,OK,,2026-07-08T13:52:30
"apodaca, nuevo leon -> ciudad juarez, chihuahua","Apodaca, Nuevo León -> Ciudad Juárez, Chihuahua","Apodaca, Nuevo León","Ciudad Juárez, Chihuahua",1155495.0,,25.776468,-100.1858743,31.6903638,-106.4245478,430.6315002441406,1127.196411132812,,OK,,2026-07-08T13:52:32
"apodaca, nuevo leon -> coatepec, veracruz de ignacio de la llave","Apodaca, Nuevo León -> Coatepec, Veracruz de Ignacio de la Llave","Apodaca, Nuevo León","Coatepec, Veracruz de Ignacio de la Llave",984638.0,,25.776468,-100.1858743,19.451938,-96.9594511,430.6315002441406,1189.987426757812,,OK,,2026-07-08T13:52:34
"apodaca, nuevo leon -> commerce, california","Apodaca, Nuevo León -> Commerce, California","Apodaca, Nuevo León","Commerce, California",2451765.0,,25.776468,-100.1858743,34.0005691,-118.1597929,430.6315002441406,42.05901718139648,,OK,,2026-07-08T13:52:35
"apodaca, nuevo leon -> cuautitlan izcalli, estado de mexico","Apodaca, Nuevo León -> Cuautitlán Izcalli, Estado de México","Apodaca, Nuevo León","Cuautitlán Izcalli, Estado de México",892355.0,,25.776468,-100.1858743,19.6528089,-99.2231387,430.6315002441406,2277.62060546875,,OK,,2026-07-08T13:52:37
"apodaca, nuevo leon -> cuautitlan, estado de mexico","Apodaca, Nuevo León -> Cuautitlán, Estado de México","Apodaca, Nuevo León","Cuautitlán, Estado de México",895231.0,,25.776468,-100.1858743,19.6695008,-99.1655054,430.6315002441406,2248.847412109375,,OK,,2026-07-08T13:52:38
"apodaca, nuevo leon -> desoto, texas","Apodaca, Nuevo León -> DeSoto, Texas","Apodaca, Nuevo León","DeSoto, Texas",891476.0,,25.776468,-100.1858743,32.5896998,-96.8570738,430.6315002441406,202.9608917236328,,OK,,2026-07-08T13:52:40
"apodaca, nuevo leon -> dover, delaware","Apodaca, Nuevo León -> Dover, Delaware","Apodaca, Nuevo León","Dover, Delaware",3166190.0,,25.776468,-100.1858743,39.158168,-75.5243682,430.6315002441406,8.821301460266113,,OK,,2026-07-08T13:52:42
"apodaca, nuevo leon -> drummondville, quebec","Apodaca, Nuevo León -> Drummondville, Quebec","Apodaca, Nuevo León","Drummondville, Quebec",3835162.0,,25.776468,-100.1858743,45.8811739,-72.4847355,430.6315002441406,89.55135345458984,,OK,,2026-07-08T13:52:43
"apodaca, nuevo leon -> fort worth, texas","Apodaca, Nuevo León -> Fort Worth, Texas","Apodaca, Nuevo León","Fort Worth, Texas",901912.0,,25.776468,-100.1858743,32.7554883,-97.3307658,430.6315002441406,188.1778869628906,,OK,,2026-07-08T13:52:45
"apodaca, nuevo leon -> garcia, nuevo leon","Apodaca, Nuevo León -> García, Nuevo León","Apodaca, Nuevo León","García, Nuevo León",55626.0,,25.776468,-100.1858743,25.801032,-100.5861995,430.6315002441406,700.55712890625,,OK,,2026-07-08T13:52:47
"apodaca, nuevo leon -> guadalupe, nuevo leon","Apodaca, Nuevo León -> Guadalupe, Nuevo León","Apodaca, Nuevo León","Guadalupe, Nuevo León",15195.0,,25.776468,-100.1858743,25.6748291,-100.2155063,430.6315002441406,474.9679870605469,,OK,,2026-07-08T13:52:48
"apodaca, nuevo leon -> houston, texas","Apodaca, Nuevo León -> Houston, Texas","Apodaca, Nuevo León","Houston, Texas",740255.0,,25.776468,-100.1858743,29.7600771,-95.3701108,430.6315002441406,14.59099960327148,,OK,,2026-07-08T13:52:49
"apodaca, nuevo leon -> huehuetoca, estado de mexico","Apodaca, Nuevo León -> Huehuetoca, Estado de México","Apodaca, Nuevo León","Huehuetoca, Estado de México",874922.0,,25.776468,-100.1858743,19.8277305,-99.2037508,430.6315002441406,2254.439697265625,,OK,,2026-07-08T13:52:51
"apodaca, nuevo leon -> huejotzingo, puebla","Apodaca, Nuevo León -> Huejotzingo, Puebla","Apodaca, Nuevo León","Huejotzingo, Puebla",979269.0,,25.776468,-100.1858743,19.1589453,-98.4047163,430.6315002441406,2276.782470703125,,OK,,2026-07-08T13:52:53
"apodaca, nuevo leon -> iowa, louisiana","Apodaca, Nuevo León -> Iowa, Louisiana","Apodaca, Nuevo León","Iowa, Louisiana",990533.0,,25.776468,-100.1858743,30.2368292,-93.01363990000002,430.6315002441406,6.77202844619751,,OK,,2026-07-08T13:52:54
"apodaca, nuevo leon -> jackson, missouri","Apodaca, Nuevo León -> Jackson, Missouri","Apodaca, Nuevo León","Jackson, Missouri",1897929.0,,25.776468,-100.1858743,37.3822732,-89.6662063,430.6315002441406,141.2870788574219,,OK,,2026-07-08T13:52:56
"apodaca, nuevo leon -> laredo, texas","Apodaca, Nuevo León -> Laredo, Texas","Apodaca, Nuevo León","Laredo, Texas",220515.0,,25.776468,-100.1858743,27.5035613,-99.5075519,430.6315002441406,129.2351531982422,,OK,,2026-07-08T13:52:57
"apodaca, nuevo leon -> leon, guanajuato","Apodaca, Nuevo León -> León, Guanajuato","Apodaca, Nuevo León","León, Guanajuato",713333.0,,25.776468,-100.1858743,21.1250077,-101.6859605,430.6315002441406,1804.703125,,OK,,2026-07-08T13:52:59
"apodaca, nuevo leon -> levittown, pennsylvania","Apodaca, Nuevo León -> Levittown, Pennsylvania","Apodaca, Nuevo León","Levittown, Pennsylvania",3266972.0,,25.776468,-100.1858743,40.1551096,-74.8287747,430.6315002441406,10.93960666656494,,OK,,2026-07-08T13:53:00
"apodaca, nuevo leon -> linwood, north carolina","Apodaca, Nuevo León -> Linwood, North Carolina","Apodaca, Nuevo León","Linwood, North Carolina",2486539.0,,25.776468,-100.1858743,35.7506938,-80.3178305,430.6315002441406,200.0458831787109,,OK,,2026-07-08T13:53:02
"apodaca, nuevo leon -> london, ontario","Apodaca, Nuevo León -> London, Ontario","Apodaca, Nuevo León","London, Ontario",3011446.0,,25.776468,-100.1858743,42.9849233,-81.2452768,430.6315002441406,247.9856872558594,,OK,,2026-07-08T13:53:04
"apodaca, nuevo leon -> louisville, kentucky","Apodaca, Nuevo León -> Louisville, Kentucky","Apodaca, Nuevo León","Louisville, Kentucky",2256317.0,,25.776468,-100.1858743,38.2468618,-85.7663724,430.6315002441406,137.8256988525391,,OK,,2026-07-08T13:53:06
"apodaca, nuevo leon -> mechanicsburg, pennsylvania","Apodaca, Nuevo León -> Mechanicsburg, Pennsylvania","Apodaca, Nuevo León","Mechanicsburg, Pennsylvania",3073339.0,,25.776468,-100.1858743,40.2132692,-77.0080309,430.6315002441406,132.6727447509766,,OK,,2026-07-08T13:53:07
"apodaca, nuevo leon -> mehoopany, pennsylvania","Apodaca, Nuevo León -> Mehoopany, Pennsylvania","Apodaca, Nuevo León","Mehoopany, Pennsylvania",3306423.0,,25.776468,-100.1858743,41.5634095,-76.0604814,430.6315002441406,195.4706878662109,,OK,,2026-07-08T13:53:09
"apodaca, nuevo leon -> memphis, tennessee","Apodaca, Nuevo León -> Memphis, Tennessee","Apodaca, Nuevo León","Memphis, Tennessee",1637530.0,,25.776468,-100.1858743,35.1485812,-90.0518955,430.6315002441406,82.746826171875,,OK,,2026-07-08T13:53:10
"apodaca, nuevo leon -> meoqui, chihuahua","Apodaca, Nuevo León -> Meoqui, Chihuahua","Apodaca, Nuevo León","Meoqui, Chihuahua",747662.0,,25.776468,-100.1858743,28.2701887,-105.4814137,430.6315002441406,1148.765502929688,,OK,,2026-07-08T13:53:11
"apodaca, nuevo leon -> milpitas, california","Apodaca, Nuevo León -> Milpitas, California","Apodaca, Nuevo León","Milpitas, California",3003388.0,,25.776468,-100.1858743,37.4323341,-121.8995741,430.6315002441406,6.833942890167236,,OK,,2026-07-08T13:53:13
"apodaca, nuevo leon -> morelia, michoacan de ocampo","Apodaca, Nuevo León -> Morelia, Michoacán de Ocampo","Apodaca, Nuevo León","Morelia, Michoacán de Ocampo",846641.0,,25.776468,-100.1858743,19.705632,-101.1950164,430.6315002441406,1907.418334960938,,OK,,2026-07-08T13:53:14
"apodaca, nuevo leon -> muscle shoals, alabama","Apodaca, Nuevo León -> Muscle Shoals, Alabama","Apodaca, Nuevo León","Muscle Shoals, Alabama",1877264.0,,25.776468,-100.1858743,34.7448112,-87.66752919999999,430.6315002441406,152.7047576904297,,OK,,2026-07-08T13:53:16
"apodaca, nuevo leon -> naucalpan de juarez, estado de mexico","Apodaca, Nuevo León -> Naucalpan de Juárez, Estado de México","Apodaca, Nuevo León","Naucalpan de Juárez, Estado de México",912358.0,,25.776468,-100.1858743,19.4737133,-99.2336657,430.6315002441406,2266.69775390625,,OK,,2026-07-08T13:53:17
"apodaca, nuevo leon -> nava, coahuila de zaragoza","Apodaca, Nuevo León -> Nava, Coahuila de Zaragoza","Apodaca, Nuevo León","Nava, Coahuila de Zaragoza",411250.0,,25.776468,-100.1858743,28.4212302,-100.7638814,430.6315002441406,328.41650390625,,OK,,2026-07-08T13:53:19
"apodaca, nuevo leon -> navojoa, sonora","Apodaca, Nuevo León -> Navojoa, Sonora","Apodaca, Nuevo León","Navojoa, Sonora",1405984.0,,25.776468,-100.1858743,27.0727573,-109.4437493,430.6315002441406,45.76589965820312,,OK,,2026-07-08T13:53:20
"apodaca, nuevo leon -> neenah, wisconsin","Apodaca, Nuevo León -> Neenah, Wisconsin","Apodaca, Nuevo León","Neenah, Wisconsin",2645644.0,,25.776468,-100.1858743,44.1858193,-88.462609,430.6315002441406,228.5584411621094,,OK,,2026-07-08T13:53:21
"apodaca, nuevo leon -> nuevo laredo, tamaulipas","Apodaca, Nuevo León -> Nuevo Laredo, Tamaulipas","Apodaca, Nuevo León","Nuevo Laredo, Tamaulipas",215395.0,,25.776468,-100.1858743,27.4779362,-99.549573,430.6315002441406,141.5451812744141,,OK,,2026-07-08T13:53:23
"apodaca, nuevo leon -> ogden, utah","Apodaca, Nuevo León -> Ogden, Utah","Apodaca, Nuevo León","Ogden, Utah",2456391.0,,25.776468,-100.1858743,41.2185625,-111.97051,430.6315002441406,1314.740112304688,,OK,,2026-07-08T13:53:24
"apodaca, nuevo leon -> ontario, california","Apodaca, Nuevo León -> Ontario, California","Apodaca, Nuevo León","Ontario, California",2394285.0,,25.776468,-100.1858743,34.0645932,-117.6483422,430.6315002441406,304.2350463867188,,OK,,2026-07-08T13:53:30
"apodaca, nuevo leon -> paris, texas","Apodaca, Nuevo León -> Paris, Texas","Apodaca, Nuevo León","Paris, Texas",1078758.0,,25.776468,-100.1858743,33.6609389,-95.555513,430.6315002441406,184.0777282714844,,OK,,2026-07-08T13:53:32
"apodaca, nuevo leon -> piedras negras, coahuila de zaragoza","Apodaca, Nuevo León -> Piedras Negras, Coahuila de Zaragoza","Apodaca, Nuevo León","Piedras Negras, Coahuila de Zaragoza",384574.0,,25.776468,-100.1858743,28.6916182,-100.5408622,430.6315002441406,239.4914093017578,,OK,,2026-07-08T13:53:33
"apodaca, nuevo leon -> playas de rosarito, baja california","Apodaca, Nuevo León -> Playas de Rosarito, Baja California","Apodaca, Nuevo León","Playas de Rosarito, Baja California",2370447.0,,25.776468,-100.1858743,32.3661011,-117.0617553,430.6315002441406,20.02438354492188,,OK,,2026-07-08T13:53:35
"apodaca, nuevo leon -> queretaro, queretaro","Apodaca, Nuevo León -> Querétaro, Querétaro","Apodaca, Nuevo León","Querétaro, Querétaro",725620.0,,25.776468,-100.1858743,20.5887932,-100.3898881,430.6315002441406,1816.216796875,,OK,,2026-07-08T13:53:37
"apodaca, nuevo leon -> reynosa, tamaulipas","Apodaca, Nuevo León -> Reynosa, Tamaulipas","Apodaca, Nuevo León","Reynosa, Tamaulipas",213824.0,,25.776468,-100.1858743,26.0915309,-98.2777687,430.6315002441406,41.61340713500977,,OK,,2026-07-08T13:53:38
"apodaca, nuevo leon -> saltillo, coahuila de zaragoza","Apodaca, Nuevo León -> Saltillo, Coahuila de Zaragoza","Apodaca, Nuevo León","Saltillo, Coahuila de Zaragoza",105333.0,,25.776468,-100.1858743,25.4383234,-100.973678,430.6315002441406,1541.935180664062,,OK,,2026-07-08T13:53:40
"apodaca, nuevo leon -> san luis potosi, san luis potosi","Apodaca, Nuevo León -> San Luis Potosí, San Luis Potosí","Apodaca, Nuevo León","San Luis Potosí, San Luis Potosí",531523.0,,25.776468,-100.1858743,22.1520892,-100.9733024,430.6315002441406,1865.477172851562,,OK,,2026-07-08T13:53:42
"apodaca, nuevo leon -> sheboygan falls, wisconsin","Apodaca, Nuevo León -> Sheboygan Falls, Wisconsin","Apodaca, Nuevo León","Sheboygan Falls, Wisconsin",2613843.0,,25.776468,-100.1858743,43.7291617,-87.8106439,430.6315002441406,198.7782287597656,,OK,,2026-07-08T13:53:44
"apodaca, nuevo leon -> sikeston, missouri","Apodaca, Nuevo León -> Sikeston, Missouri","Apodaca, Nuevo León","Sikeston, Missouri",1835580.0,,25.776468,-100.1858743,36.876719,-89.5878579,430.6315002441406,100.4399490356445,,OK,,2026-07-08T13:53:45
"apodaca, nuevo leon -> slaton, texas","Apodaca, Nuevo León -> Slaton, Texas","Apodaca, Nuevo León","Slaton, Texas",1020104.0,,25.776468,-100.1858743,33.4373113,-101.6434915,430.6315002441406,940.9373168945312,,OK,,2026-07-08T13:53:47
"apodaca, nuevo leon -> tlahuapan, puebla","Apodaca, Nuevo León -> Tlahuapan, Puebla","Apodaca, Nuevo León","Tlahuapan, Puebla",1000906.0,,25.776468,-100.1858743,19.336704,-98.5824365,430.6315002441406,2608.325439453125,,OK,,2026-07-08T13:53:48
"apodaca, nuevo leon -> tlalpan, ciudad de mexico","Apodaca, Nuevo León -> Tlalpan, Ciudad de México","Apodaca, Nuevo León","Tlalpan, Ciudad de México",939111.0,,25.776468,-100.1858743,19.2790911,-99.2114234,430.6315002441406,2531.391845703125,,OK,,2026-07-08T13:53:50
"apodaca, nuevo leon -> tlaxco, tlaxcala","Apodaca, Nuevo León -> Tlaxco, Tlaxcala","Apodaca, Nuevo León","Tlaxco, Tlaxcala",878970.0,,25.776468,-100.1858743,19.61766,-98.1174721,430.6315002441406,2557.68212890625,,OK,,2026-07-08T13:53:51
"apodaca, nuevo leon -> toluca, estado de mexico","Apodaca, Nuevo León -> Toluca, Estado de México","Apodaca, Nuevo León","Toluca, Estado de México",907915.0,,25.776468,-100.1858743,19.2826098,-99.6556653,430.6315002441406,2670.009765625,,OK,,2026-07-08T13:53:53
"apodaca, nuevo leon -> torreon, coahuila de zaragoza","Apodaca, Nuevo León -> Torreón, Coahuila de Zaragoza","Apodaca, Nuevo León","Torreón, Coahuila de Zaragoza",351984.0,,25.776468,-100.1858743,25.5428443,-103.4067861,430.6315002441406,1128.250122070312,,OK,,2026-07-08T13:53:54
"apodaca, nuevo leon -> turlock, california","Apodaca, Nuevo León -> Turlock, California","Apodaca, Nuevo León","Turlock, California",2926861.0,,25.776468,-100.1858743,37.4945743,-120.8459786,430.6315002441406,31.95564079284668,,OK,,2026-07-08T13:53:56
"apodaca, nuevo leon -> vernon, california","Apodaca, Nuevo León -> Vernon, California","Apodaca, Nuevo León","Vernon, California",2454567.0,,25.776468,-100.1858743,34.003903,-118.230073,430.6315002441406,59.97916793823242,,OK,,2026-07-08T13:53:58
"apodaca, nuevo leon -> villa de reyes, san luis potosi","Apodaca, Nuevo León -> Villa de Reyes, San Luis Potosí","Apodaca, Nuevo León","Villa de Reyes, San Luis Potosí",567346.0,,25.776468,-100.1858743,21.8046043,-100.9328949,430.6315002441406,1815.761352539062,,OK,,2026-07-08T13:53:59
"apodaca, nuevo leon -> waco, texas","Apodaca, Nuevo León -> Waco, Texas","Apodaca, Nuevo León","Waco, Texas",760600.0,,25.776468,-100.1858743,31.5575916,-97.1289922,430.6315002441406,125.7617721557617,,OK,,2026-07-08T13:54:00
"apodaca, nuevo leon -> walton, kentucky","Apodaca, Nuevo León -> Walton, Kentucky","Apodaca, Nuevo León","Walton, Kentucky",2382660.0,,25.776468,-100.1858743,38.87561940000001,-84.61022129999999,430.6315002441406,286.9278259277344,,OK,,2026-07-08T13:54:02
"apodaca, nuevo leon -> wausau, wisconsin","Apodaca, Nuevo León -> Wausau, Wisconsin","Apodaca, Nuevo León","Wausau, Wisconsin",2764678.0,,25.776468,-100.1858743,44.9591352,-89.6301221,430.6315002441406,367.0759887695312,,OK,,2026-07-08T13:54:03
"apodaca, nuevo leon -> wauwatosa, wisconsin","Apodaca, Nuevo León -> Wauwatosa, Wisconsin","Apodaca, Nuevo León","Wauwatosa, Wisconsin",2526696.0,,25.776468,-100.1858743,43.0494572,-88.0075875,430.6315002441406,202.9051818847656,,OK,,2026-07-08T13:54:05
"apodaca, nuevo leon -> waynesboro, virginia","Apodaca, Nuevo León -> Waynesboro, Virginia","Apodaca, Nuevo León","Waynesboro, Virginia",2773863.0,,25.776468,-100.1858743,38.0684692,-78.8894682,430.6315002441406,393.8533325195312,,OK,,2026-07-08T13:54:07
"apodaca, nuevo leon -> wilmington, delaware","Apodaca, Nuevo León -> Wilmington, Delaware","Apodaca, Nuevo León","Wilmington, Delaware",3180234.0,,25.776468,-100.1858743,39.744655,-75.5483909,430.6315002441406,30.28579521179199,,OK,,2026-07-08T13:54:08
"apodaca, nuevo leon -> zapopan, jalisco","Apodaca, Nuevo León -> Zapopan, Jalisco","Apodaca, Nuevo León","Zapopan, Jalisco",832103.0,,25.776468,-100.1858743,20.6719563,-103.416501,430.6315002441406,1629.765258789062,,OK,,2026-07-08T13:54:09
"arandas, jalisco -> laredo, texas","Arandas, Jalisco -> Laredo, Texas","Arandas, Jalisco","Laredo, Texas",954692.0,,20.705519,-102.346916,27.5035613,-99.5075519,2066.971435546875,129.2351531982422,,OK,,2026-07-08T13:54:11
"arandas, jalisco -> toluca, estado de mexico","Arandas, Jalisco -> Toluca, Estado de México","Arandas, Jalisco","Toluca, Estado de México",438830.0,,20.705519,-102.346916,19.2826098,-99.6556653,2066.971435546875,2670.009765625,,OK,,2026-07-08T13:54:12
"archdale, north carolina -> arandas, jalisco","Archdale, North Carolina -> Arandas, Jalisco","Archdale, North Carolina","Arandas, Jalisco",3242472.0,,35.914581,-79.9719831,20.705519,-102.346916,264.6016540527344,2066.971435546875,,OK,,2026-07-08T13:54:14
"ashburn, georgia -> cuautla, morelos","Ashburn, Georgia -> Cuautla, Morelos","Ashburn, Georgia","Cuautla, Morelos",2823253.0,,31.7060134,-83.653224,18.8126047,-98.9548261,130.3823089599609,1298.065551757812,,OK,,2026-07-08T13:54:15
"ashburn, georgia -> laredo, texas","Ashburn, Georgia -> Laredo, Texas","Ashburn, Georgia","Laredo, Texas",1753818.0,,31.7060134,-83.653224,27.5035613,-99.5075519,130.3823089599609,129.2351531982422,,OK,,2026-07-08T13:54:17
"atitalaquia, hidalgo -> altamira, tamaulipas","Atitalaquia, Hidalgo -> Altamira, Tamaulipas","Atitalaquia, Hidalgo","Altamira, Tamaulipas",464531.0,,20.0509779,-99.2203687,22.4077462,-97.9211555,2106.876953125,25.66448402404785,,OK,,2026-07-08T13:54:19
"atitalaquia, hidalgo -> apodaca, nuevo leon","Atitalaquia, Hidalgo -> Apodaca, Nuevo León","Atitalaquia, Hidalgo","Apodaca, Nuevo León",871253.0,,20.0509779,-99.2203687,25.776468,-100.1858743,2106.876953125,430.6315002441406,,OK,,2026-07-08T13:54:21
"atitalaquia, hidalgo -> chihuahua, chihuahua","Atitalaquia, Hidalgo -> Chihuahua, Chihuahua","Atitalaquia, Hidalgo","Chihuahua, Chihuahua",1333634.0,,20.0509779,-99.2203687,28.4854458,-105.7820674,2106.876953125,1553.364013671875,,OK,,2026-07-08T13:54:22
"atitalaquia, hidalgo -> ciudad general escobedo, nuevo leon","Atitalaquia, Hidalgo -> Ciudad General Escobedo, Nuevo León","Atitalaquia, Hidalgo","Ciudad General Escobedo, Nuevo León",853437.0,,20.0509779,-99.2203687,25.8002233,-100.3122083,2106.876953125,499.1261596679688,,OK,,2026-07-08T13:54:24
"atitalaquia, hidalgo -> ciudad juarez, chihuahua","Atitalaquia, Hidalgo -> Ciudad Juárez, Chihuahua","Atitalaquia, Hidalgo","Ciudad Juárez, Chihuahua",1737122.0,,20.0509779,-99.2203687,31.6903638,-106.4245478,2106.876953125,1127.196411132812,,OK,,2026-07-08T13:54:25
"atitalaquia, hidalgo -> delicias, chihuahua","Atitalaquia, Hidalgo -> Delicias, Chihuahua","Atitalaquia, Hidalgo","Delicias, Chihuahua",1285353.0,,20.0509779,-99.2203687,28.1871201,-105.4595306,2106.876953125,1184.789306640625,,OK,,2026-07-08T13:54:27
"atitalaquia, hidalgo -> garcia, nuevo leon","Atitalaquia, Hidalgo -> García, Nuevo León","Atitalaquia, Hidalgo","García, Nuevo León",836145.0,,20.0509779,-99.2203687,25.801032,-100.5861995,2106.876953125,700.55712890625,,OK,,2026-07-08T13:54:28
"atitalaquia, hidalgo -> gomez palacio, durango","Atitalaquia, Hidalgo -> Gómez Palacio, Durango","Atitalaquia, Hidalgo","Gómez Palacio, Durango",924711.0,,20.0509779,-99.2203687,25.589081,-103.4856462,2106.876953125,1122.735107421875,,OK,,2026-07-08T13:54:29
"atitalaquia, hidalgo -> guadalupe, nuevo leon","Atitalaquia, Hidalgo -> Guadalupe, Nuevo León","Atitalaquia, Hidalgo","Guadalupe, Nuevo León",861140.0,,20.0509779,-99.2203687,25.6748291,-100.2155063,2106.876953125,474.9679870605469,,OK,,2026-07-08T13:54:31
"atitalaquia, hidalgo -> iowa, louisiana","Atitalaquia, Hidalgo -> Iowa, Louisiana","Atitalaquia, Hidalgo","Iowa, Louisiana",1736728.0,,20.0509779,-99.2203687,30.2368292,-93.01363990000002,2106.876953125,6.77202844619751,,OK,,2026-07-08T13:54:32
"atitalaquia, hidalgo -> matamoros, tamaulipas","Atitalaquia, Hidalgo -> Matamoros, Tamaulipas","Atitalaquia, Hidalgo","Matamoros, Tamaulipas",927677.0,,20.0509779,-99.2203687,25.8690294,-97.5027376,2106.876953125,10.20967102050781,,OK,,2026-07-08T13:54:34
"atitalaquia, hidalgo -> monterrey, nuevo leon","Atitalaquia, Hidalgo -> Monterrey, Nuevo León","Atitalaquia, Hidalgo","Monterrey, Nuevo León",850415.0,,20.0509779,-99.2203687,25.6866142,-100.3161126,2106.876953125,541.4471435546875,,OK,,2026-07-08T13:54:35
"atitalaquia, hidalgo -> nuevo laredo, tamaulipas","Atitalaquia, Hidalgo -> Nuevo Laredo, Tamaulipas","Atitalaquia, Hidalgo","Nuevo Laredo, Tamaulipas",1058180.0,,20.0509779,-99.2203687,27.4779362,-99.549573,2106.876953125,141.5451812744141,,OK,,2026-07-08T13:54:36
"atitalaquia, hidalgo -> reynosa, tamaulipas","Atitalaquia, Hidalgo -> Reynosa, Tamaulipas","Atitalaquia, Hidalgo","Reynosa, Tamaulipas",938673.0,,20.0509779,-99.2203687,26.0915309,-98.2777687,2106.876953125,41.61340713500977,,OK,,2026-07-08T13:54:38
"atitalaquia, hidalgo -> san nicolas de los garza, nuevo leon","Atitalaquia, Hidalgo -> San Nicolás de los Garza, Nuevo León","Atitalaquia, Hidalgo","San Nicolás de los Garza, Nuevo León",857152.0,,20.0509779,-99.2203687,25.7481625,-100.2844842,2106.876953125,496.5721130371094,,OK,,2026-07-08T13:54:39
"atitalaquia, hidalgo -> santa catarina, nuevo leon","Atitalaquia, Hidalgo -> Santa Catarina, Nuevo León","Atitalaquia, Hidalgo","Santa Catarina, Nuevo León",833734.0,,20.0509779,-99.2203687,25.6746058,-100.4423188,2106.876953125,652.3250732421875,,OK,,2026-07-08T13:54:40
"atitalaquia, hidalgo -> tampico, tamaulipas","Atitalaquia, Hidalgo -> Tampico, Tamaulipas","Atitalaquia, Hidalgo","Tampico, Tamaulipas",437254.0,,20.0509779,-99.2203687,22.2163428,-97.8580198,2106.876953125,14.18401622772217,,OK,,2026-07-08T13:54:42
"atitalaquia, hidalgo -> tlalnepantla de baz, estado de mexico","Atitalaquia, Hidalgo -> Tlalnepantla de Baz, Estado de México","Atitalaquia, Hidalgo","Tlalnepantla de Baz, Estado de México",66683.0,,20.0509779,-99.2203687,19.5360618,-99.1968306,2106.876953125,2253.70654296875,,OK,,2026-07-08T13:54:44
"atitalaquia, hidalgo -> torreon, coahuila de zaragoza","Atitalaquia, Hidalgo -> Torreón, Coahuila de Zaragoza","Atitalaquia, Hidalgo","Torreón, Coahuila de Zaragoza",927846.0,,20.0509779,-99.2203687,25.5428443,-103.4067861,2106.876953125,1128.250122070312,,OK,,2026-07-08T13:54:45
"atizapan, estado de mexico -> apodaca, nuevo leon","Atizapán, Estado de México -> Apodaca, Nuevo León","Atizapán, Estado de México","Apodaca, Nuevo León",909916.0,,19.5562275,-99.2674713,25.776468,-100.1858743,2324.26806640625,430.6315002441406,,OK,,2026-07-08T13:54:46
"atizapan, estado de mexico -> lerma, estado de mexico","Atizapán, Estado de México -> Lerma, Estado de México","Atizapán, Estado de México","Lerma, Estado de México",56783.0,,19.5562275,-99.2674713,19.2913424,-99.5244687,2324.26806640625,2568.7001953125,,OK,,2026-07-08T13:54:48
"atizapan, estado de mexico -> san luis potosi, san luis potosi","Atizapán, Estado de México -> San Luis Potosí, San Luis Potosí","Atizapán, Estado de México","San Luis Potosí, San Luis Potosí",391208.0,,19.5562275,-99.2674713,22.1520892,-100.9733024,2324.26806640625,1865.477172851562,,OK,,2026-07-08T13:54:49
"atlixco, puebla -> boulder, colorado","Atlixco, Puebla -> Boulder, Colorado","Atlixco, Puebla","Boulder, Colorado",2894268.0,,18.9131227,-98.4293891,40.0189728,-105.2747406,1841.838134765625,1626.27392578125,,OK,,2026-07-08T13:54:50
"atlixco, puebla -> chicago, illinois","Atlixco, Puebla -> Chicago, Illinois","Atlixco, Puebla","Chicago, Illinois",3258138.0,,18.9131227,-98.4293891,41.88325,-87.6323879,1841.838134765625,183.0,,OK,,2026-07-08T13:54:52
"atlixco, puebla -> laredo, texas","Atlixco, Puebla -> Laredo, Texas","Atlixco, Puebla","Laredo, Texas",1260463.0,,18.9131227,-98.4293891,27.5035613,-99.5075519,1841.838134765625,129.2351531982422,,OK,,2026-07-08T13:54:53
"atlixco, puebla -> san antonio, texas","Atlixco, Puebla -> San Antonio, Texas","Atlixco, Puebla","San Antonio, Texas",1363487.0,,18.9131227,-98.4293891,29.4251905,-98.4945922,1841.838134765625,198.86962890625,,OK,,2026-07-08T13:54:54
"atlixco, puebla -> vernon, california","Atlixco, Puebla -> Vernon, California","Atlixco, Puebla","Vernon, California",3176798.0,,18.9131227,-98.4293891,34.003903,-118.230073,1841.838134765625,59.97916793823242,,OK,,2026-07-08T13:54:56
"auburn, indiana -> san jose iturbide, guanajuato","Auburn, Indiana -> San José Iturbide, Guanajuato","Auburn, Indiana","San José Iturbide, Guanajuato",3249529.0,,41.3669942,-85.0588575,20.9996535,-100.3854458,263.4828186035156,2104.200439453125,,OK,,2026-07-08T13:54:58
"azcapotzalco, ciudad de mexico -> ciudad cuauhtemoc, chihuahua","Azcapotzalco, Ciudad de México -> Ciudad Cuauhtemoc, Chihuahua","Azcapotzalco, Ciudad de México","Ciudad Cuauhtemoc, Chihuahua",1517607.0,,19.4846606,-99.1886749,28.406359,-106.8654066,2247.478759765625,2058.387451171875,,OK,,2026-07-08T13:54:59
"azcapotzalco, ciudad de mexico -> ciudad juarez, chihuahua","Azcapotzalco, Ciudad de México -> Ciudad Juárez, Chihuahua","Azcapotzalco, Ciudad de México","Ciudad Juárez, Chihuahua",1777966.0,,19.4846606,-99.1886749,31.6903638,-106.4245478,2247.478759765625,1127.196411132812,,OK,,2026-07-08T13:55:00
"azcapotzalco, ciudad de mexico -> cuautla, morelos","Azcapotzalco, Ciudad de México -> Cuautla, Morelos","Azcapotzalco, Ciudad de México","Cuautla, Morelos",125225.0,,19.4846606,-99.1886749,18.8126047,-98.9548261,2247.478759765625,1298.065551757812,,OK,,2026-07-08T13:55:02
"azcapotzalco, ciudad de mexico -> culiacan, sinaloa","Azcapotzalco, Ciudad de México -> Culiacán, Sinaloa","Azcapotzalco, Ciudad de México","Culiacán, Sinaloa",1215602.0,,19.4846606,-99.1886749,24.8090649,-107.3940117,2247.478759765625,44.73824691772461,,OK,,2026-07-08T13:55:03
"azcapotzalco, ciudad de mexico -> garcia, nuevo leon","Azcapotzalco, Ciudad de México -> García, Nuevo León","Azcapotzalco, Ciudad de México","García, Nuevo León",876989.0,,19.4846606,-99.1886749,25.801032,-100.5861995,2247.478759765625,700.55712890625,,OK,,2026-07-08T13:55:04
"azcapotzalco, ciudad de mexico -> guadalajara, jalisco","Azcapotzalco, Ciudad de México -> Guadalajara, Jalisco","Azcapotzalco, Ciudad de México","Guadalajara, Jalisco",533812.0,,19.4846606,-99.1886749,20.6751707,-103.3473385,2247.478759765625,1546.570434570312,,OK,,2026-07-08T13:55:06
"azcapotzalco, ciudad de mexico -> piedras negras, coahuila de zaragoza","Azcapotzalco, Ciudad de México -> Piedras Negras, Coahuila de Zaragoza","Azcapotzalco, Ciudad de México","Piedras Negras, Coahuila de Zaragoza",1238459.0,,19.4846606,-99.1886749,28.6916182,-100.5408622,2247.478759765625,239.4914093017578,,OK,,2026-07-08T13:55:08
"azcapotzalco, ciudad de mexico -> tijuana, baja california","Azcapotzalco, Ciudad de México -> Tijuana, Baja California","Azcapotzalco, Ciudad de México","Tijuana, Baja California",2907125.0,,19.4846606,-99.1886749,32.5331957,-117.0192784,2247.478759765625,22.42227745056152,,OK,,2026-07-08T13:55:09
"azcapotzalco, ciudad de mexico -> zapopan, jalisco","Azcapotzalco, Ciudad de México -> Zapopan, Jalisco","Azcapotzalco, Ciudad de México","Zapopan, Jalisco",539320.0,,19.4846606,-99.1886749,20.6719563,-103.416501,2247.478759765625,1629.765258789062,,OK,,2026-07-08T13:55:10
"azusa, california -> tala, jalisco","Azusa, California -> Tala, Jalisco","Azusa, California","Tala, Jalisco",2490772.0,,34.1336186,-117.9075627,20.6586258,-103.7045718,184.1329193115234,1324.104370117188,,OK,,2026-07-08T13:55:12
"baltimore, maryland -> laredo, texas","Baltimore, Maryland -> Laredo, Texas","Baltimore, Maryland","Laredo, Texas",2832325.0,,39.2905023,-76.6104072,27.5035613,-99.5075519,6.412046909332275,129.2351531982422,,OK,,2026-07-08T13:55:14
"batavia, new york -> el paso, texas","Batavia, New York -> El Paso, Texas","Batavia, New York","El Paso, Texas",3200737.0,,42.9981156,-78.1875167,31.7618778,-106.4850217,270.0081787109375,1132.736206054688,,OK,,2026-07-08T13:55:15
"batesville, indiana -> apodaca, nuevo leon","Batesville, Indiana -> Apodaca, Nuevo León","Batesville, Indiana","Apodaca, Nuevo León",2457787.0,,39.3000511,-85.222184,25.776468,-100.1858743,296.4485473632812,430.6315002441406,,OK,,2026-07-08T13:55:17
"blakely, georgia -> laredo, texas","Blakely, Georgia -> Laredo, Texas","Blakely, Georgia","Laredo, Texas",1621673.0,,31.3776754,-84.93409199999999,27.5035613,-99.5075519,80.59237670898438,129.2351531982422,,OK,,2026-07-08T13:55:18
"blythewood, south carolina -> san nicolas tlazala, estado de mexico","Blythewood, South Carolina -> San Nicolás Tlazala, Estado de México","Blythewood, South Carolina","San Nicolás Tlazala, Estado de México",3178521.0,,34.2143159,-80.97397699999999,19.2258642,-99.4606511,154.389404296875,2587.596435546875,,OK,,2026-07-08T13:55:20
"bowling green, kentucky -> laredo, texas","Bowling Green, Kentucky -> Laredo, Texas","Bowling Green, Kentucky","Laredo, Texas",1863895.0,,36.9930691,-86.4429069,27.5035613,-99.5075519,153.1060485839844,129.2351531982422,,OK,,2026-07-08T13:55:21
"bridgman, michigan -> san jose iturbide, guanajuato","Bridgman, Michigan -> San José Iturbide, Guanajuato","Bridgman, Michigan","San José Iturbide, Guanajuato",3204158.0,,41.9430986,-86.5569659,20.9996535,-100.3854458,195.1495513916016,2104.200439453125,,OK,,2026-07-08T13:55:22
"broken bow, oklahoma -> laredo, texas","Broken Bow, Oklahoma -> Laredo, Texas","Broken Bow, Oklahoma","Laredo, Texas",968554.0,,34.0292764,-94.7391045,27.5035613,-99.5075519,143.5196533203125,129.2351531982422,,OK,,2026-07-08T13:55:24
"brownfield, texas -> laredo, texas","Brownfield, Texas -> Laredo, Texas","Brownfield, Texas","Laredo, Texas",797153.0,,33.1812035,-102.2743489,27.5035613,-99.5075519,1009.281677246094,129.2351531982422,,OK,,2026-07-08T13:55:26
"bryan, ohio -> delicias, chihuahua","Bryan, Ohio -> Delicias, Chihuahua","Bryan, Ohio","Delicias, Chihuahua",2860449.0,,41.4747732,-84.5524508,28.1871201,-105.4595306,234.1085815429688,1184.789306640625,,OK,,2026-07-08T13:55:27
"burlington, ontario -> apodaca, nuevo leon","Burlington, Ontario -> Apodaca, Nuevo León","Burlington, Ontario","Apodaca, Nuevo León",3150418.0,,43.32601200000001,-79.7982923,25.776468,-100.1858743,85.38084411621094,430.6315002441406,,OK,,2026-07-08T13:55:28
"butler, indiana -> laredo, texas","Butler, Indiana -> Laredo, Texas","Butler, Indiana","Laredo, Texas",2395387.0,,41.4297727,-84.8713502,27.5035613,-99.5075519,264.3144226074219,129.2351531982422,,OK,,2026-07-08T13:55:30
"butler, indiana -> san jose iturbide, guanajuato","Butler, Indiana -> San José Iturbide, Guanajuato","Butler, Indiana","San José Iturbide, Guanajuato",3271681.0,,41.4297727,-84.8713502,20.9996535,-100.3854458,264.3144226074219,2104.200439453125,,OK,,2026-07-08T13:55:31
"caddo mills, texas -> laredo, texas","Caddo Mills, Texas -> Laredo, Texas","Caddo Mills, Texas","Laredo, Texas",760752.0,,33.064166,-96.2284132,27.5035613,-99.5075519,161.5555725097656,129.2351531982422,,OK,,2026-07-08T13:55:32
"celaya, guanajuato -> atitalaquia, hidalgo","Celaya, Guanajuato -> Atitalaquia, Hidalgo","Celaya, Guanajuato","Atitalaquia, Hidalgo",203535.0,,20.5279612,-100.8112885,20.0509779,-99.2203687,1759.49169921875,2106.876953125,,OK,,2026-07-08T13:55:34
"celaya, guanajuato -> guadalupe, nuevo leon","Celaya, Guanajuato -> Guadalupe, Nuevo León","Celaya, Guanajuato","Guadalupe, Nuevo León",728380.0,,20.5279612,-100.8112885,25.6748291,-100.2155063,1759.49169921875,474.9679870605469,,OK,,2026-07-08T13:55:36
"celaya, guanajuato -> mexicali, baja california","Celaya, Guanajuato -> Mexicali, Baja California","Celaya, Guanajuato","Mexicali, Baja California",2354237.0,,20.5279612,-100.8112885,32.6249284,-115.4435754,1759.49169921875,5.183290004730225,,OK,,2026-07-08T13:55:37
"celaya, guanajuato -> muscle shoals, alabama","Celaya, Guanajuato -> Muscle Shoals, Alabama","Celaya, Guanajuato","Muscle Shoals, Alabama",2587289.0,,20.5279612,-100.8112885,34.7448112,-87.66752919999999,1759.49169921875,152.7047576904297,,OK,,2026-07-08T13:55:38
"celaya, guanajuato -> russellville, kentucky","Celaya, Guanajuato -> Russellville, Kentucky","Celaya, Guanajuato","Russellville, Kentucky",2769720.0,,20.5279612,-100.8112885,36.8453199,-86.887219,1759.49169921875,181.8478698730469,,OK,,2026-07-08T13:55:40
"chapala, jalisco -> tlajomulco de zuniga, jalisco","Chapala, Jalisco -> Tlajomulco de Zúñiga, Jalisco","Chapala, Jalisco","Tlajomulco de Zúñiga, Jalisco",51208.0,,20.3051576,-103.1846016,20.4736865,-103.4479314,1542.31005859375,1585.729858398438,,OK,,2026-07-08T13:55:42
"charlotte, north carolina -> toluca, estado de mexico","Charlotte, North Carolina -> Toluca, Estado de México","Charlotte, North Carolina","Toluca, Estado de México",3253734.0,,35.2270768,-80.84089329999999,19.2826098,-99.6556653,227.0292358398438,2670.009765625,,OK,,2026-07-08T13:55:43
"chattanooga, tennessee -> silao de la victoria, guanajuato","Chattanooga, Tennessee -> Silao de la Victoria, Guanajuato","Chattanooga, Tennessee","Silao de la Victoria, Guanajuato",2669597.0,,35.0457984,-85.3093995,20.952141,-101.4282369,206.5224914550781,1780.1376953125,,OK,,2026-07-08T13:55:45
"chicago, illinois -> huehuetoca, estado de mexico","Chicago, Illinois -> Huehuetoca, Estado de México","Chicago, Illinois","Huehuetoca, Estado de México",3250310.0,,41.88325,-87.6323879,19.8277305,-99.2037508,183.0,2254.439697265625,,OK,,2026-07-08T13:55:47
"chicago, illinois -> laredo, texas","Chicago, Illinois -> Laredo, Texas","Chicago, Illinois","Laredo, Texas",2180687.0,,41.88325,-87.6323879,27.5035613,-99.5075519,183.0,129.2351531982422,,OK,,2026-07-08T13:55:48
"chihuahua, chihuahua -> azcapotzalco, ciudad de mexico","Chihuahua, Chihuahua -> Azcapotzalco, Ciudad de México","Chihuahua, Chihuahua","Azcapotzalco, Ciudad de México",1406310.0,,28.4854458,-105.7820674,19.4846606,-99.1886749,1553.364013671875,2247.478759765625,,OK,,2026-07-08T13:55:49
"chihuahua, chihuahua -> guadalajara, jalisco","Chihuahua, Chihuahua -> Guadalajara, Jalisco","Chihuahua, Chihuahua","Guadalajara, Jalisco",1164400.0,,28.4854458,-105.7820674,20.6751707,-103.3473385,1553.364013671875,1546.570434570312,,OK,,2026-07-08T13:55:51
"chihuahua, chihuahua -> puerto morelos, quintana roo","Chihuahua, Chihuahua -> Puerto Morelos, Quintana Roo","Chihuahua, Chihuahua","Puerto Morelos, Quintana Roo",3035979.0,,28.4854458,-105.7820674,20.8478084,-86.87553419999999,1553.364013671875,4.94056510925293,,OK,,2026-07-08T13:55:52
"chihuahua, chihuahua -> tlalnepantla de baz, estado de mexico","Chihuahua, Chihuahua -> Tlalnepantla de Baz, Estado de México","Chihuahua, Chihuahua","Tlalnepantla de Baz, Estado de México",1398085.0,,28.4854458,-105.7820674,19.5360618,-99.1968306,1553.364013671875,2253.70654296875,,OK,,2026-07-08T13:55:54
"chimalhuacan, estado de mexico -> muscle shoals, alabama","Chimalhuacán, Estado de México -> Muscle Shoals, Alabama","Chimalhuacán, Estado de México","Muscle Shoals, Alabama",2637242.0,,19.4314047,-98.9582048,34.7448112,-87.66752919999999,2238.331298828125,152.7047576904297,,OK,,2026-07-08T13:55:55
"chimalhuacan, estado de mexico -> russellville, kentucky","Chimalhuacán, Estado de México -> Russellville, Kentucky","Chimalhuacán, Estado de México","Russellville, Kentucky",2825115.0,,19.4314047,-98.9582048,36.8453199,-86.887219,2238.331298828125,181.8478698730469,,OK,,2026-07-08T13:55:57
"chino, california -> lerma, estado de mexico","Chino, California -> Lerma, Estado de México","Chino, California","Lerma, Estado de México",2956569.0,,34.0136813,-117.6905621,19.2913424,-99.5244687,221.2757873535156,2568.7001953125,,OK,,2026-07-08T13:55:59
"chino, california -> san nicolas tlazala, estado de mexico","Chino, California -> San Nicolás Tlazala, Estado de México","Chino, California","San Nicolás Tlazala, Estado de México",2965348.0,,34.0136813,-117.6905621,19.2258642,-99.4606511,221.2757873535156,2587.596435546875,,OK,,2026-07-08T13:56:00
"chipilo, puebla -> acworth, georgia","Chipilo, Puebla -> Acworth, Georgia","Chipilo, Puebla","Acworth, Georgia",2818570.0,,19.00587,-98.3314182,34.0659329,-84.6768796,2138.089111328125,278.0731201171875,,OK,,2026-07-08T13:56:01
"chipilo, puebla -> atlanta, georgia","Chipilo, Puebla -> Atlanta, Georgia","Chipilo, Puebla","Atlanta, Georgia",2772504.0,,19.00587,-98.3314182,33.7501275,-84.3885209,2138.089111328125,317.6960754394531,,OK,,2026-07-08T13:56:03
"chipilo, puebla -> bean station, tennessee","Chipilo, Puebla -> Bean Station, Tennessee","Chipilo, Puebla","Bean Station, Tennessee",3055859.0,,19.00587,-98.3314182,36.3437016,-83.28406199999999,2138.089111328125,350.8329162597656,,OK,,2026-07-08T13:56:04
"chipilo, puebla -> conroe, texas","Chipilo, Puebla -> Conroe, Texas","Chipilo, Puebla","Conroe, Texas",1560053.0,,19.00587,-98.3314182,30.3118769,-95.4560512,2138.089111328125,66.9980697631836,,OK,,2026-07-08T13:56:06
"chipilo, puebla -> covington, louisiana","Chipilo, Puebla -> Covington, Louisiana","Chipilo, Puebla","Covington, Louisiana",2035017.0,,19.00587,-98.3314182,30.4754702,-90.1009108,2138.089111328125,7.444419860839844,,OK,,2026-07-08T13:56:07
"chipilo, puebla -> englewood, colorado","Chipilo, Puebla -> Englewood, Colorado","Chipilo, Puebla","Englewood, Colorado",2822815.0,,19.00587,-98.3314182,39.6477653,-104.9877597,2138.089111328125,1636.990966796875,,OK,,2026-07-08T13:56:09
"chipilo, puebla -> firestone, colorado","Chipilo, Puebla -> Firestone, Colorado","Chipilo, Puebla","Firestone, Colorado",2876561.0,,19.00587,-98.3314182,40.1124839,-104.9366436,2138.089111328125,1515.824462890625,,OK,,2026-07-08T13:56:10
"chipilo, puebla -> franklin park, illinois","Chipilo, Puebla -> Franklin Park, Illinois","Chipilo, Puebla","Franklin Park, Illinois",3222538.0,,19.00587,-98.3314182,41.9348537,-87.87952299999999,2138.089111328125,194.9474182128906,,OK,,2026-07-08T13:56:12
"chipilo, puebla -> high point, north carolina","Chipilo, Puebla -> High Point, North Carolina","Chipilo, Puebla","High Point, North Carolina",3281689.0,,19.00587,-98.3314182,35.9556923,-80.0053176,2138.089111328125,281.1091918945312,,OK,,2026-07-08T13:56:13
"chipilo, puebla -> houston, texas","Chipilo, Puebla -> Houston, Texas","Chipilo, Puebla","Houston, Texas",1496683.0,,19.00587,-98.3314182,29.7600771,-95.3701108,2138.089111328125,14.59099960327148,,OK,,2026-07-08T13:56:15
"chipilo, puebla -> massapequa, new york","Chipilo, Puebla -> Massapequa, New York","Chipilo, Puebla","Massapequa, New York",4176331.0,,19.00587,-98.3314182,40.6806563,-73.4742914,2138.089111328125,7.502022743225098,,OK,,2026-07-08T13:56:17
"chipilo, puebla -> oakwood, georgia","Chipilo, Puebla -> Oakwood, Georgia","Chipilo, Puebla","Oakwood, Georgia",2848901.0,,19.00587,-98.3314182,34.227602,-83.8843455,2138.089111328125,351.202880859375,,OK,,2026-07-08T13:56:18
"chipilo, puebla -> pearl, mississippi","Chipilo, Puebla -> Pearl, Mississippi","Chipilo, Puebla","Pearl, Mississippi",2209465.0,,19.00587,-98.3314182,32.2662515,-90.1342608,2138.089111328125,85.6619644165039,,OK,,2026-07-08T13:56:20
"chipilo, puebla -> salt lake city, utah","Chipilo, Puebla -> Salt Lake City, Utah","Chipilo, Puebla","Salt Lake City, Utah",3327368.0,,19.00587,-98.3314182,40.7605601,-111.8881397,2138.089111328125,1299.615112304688,,OK,,2026-07-08T13:56:21
"chipilo, puebla -> shreveport, louisiana","Chipilo, Puebla -> Shreveport, Louisiana","Chipilo, Puebla","Shreveport, Louisiana",1880048.0,,19.00587,-98.3314182,32.5130159,-93.7514874,2138.089111328125,65.00454711914062,,OK,,2026-07-08T13:56:23
"chipilo, puebla -> the colony, texas","Chipilo, Puebla -> The Colony, Texas","Chipilo, Puebla","The Colony, Texas",1819820.0,,19.00587,-98.3314182,33.0806341,-96.8927532,2138.089111328125,179.38818359375,,OK,,2026-07-08T13:56:24
"chipilo, puebla -> thornton, colorado","Chipilo, Puebla -> Thornton, Colorado","Chipilo, Puebla","Thornton, Colorado",2847433.0,,19.00587,-98.3314182,39.8680412,-104.9719243,2138.089111328125,1630.333374023438,,OK,,2026-07-08T13:56:25
"chipilo, puebla -> zapopan, jalisco","Chipilo, Puebla -> Zapopan, Jalisco","Chipilo, Puebla","Zapopan, Jalisco",677132.0,,19.00587,-98.3314182,20.6719563,-103.416501,2138.089111328125,1629.765258789062,,OK,,2026-07-08T13:56:27
"cienega de flores, nuevo leon -> iowa, louisiana","Ciénega de Flores, Nuevo León -> Iowa, Louisiana","Ciénega de Flores, Nuevo León","Iowa, Louisiana",950668.0,,25.9543957,-100.166333,30.2368292,-93.01363990000002,399.1749877929688,6.77202844619751,,OK,,2026-07-08T13:56:29
"cienega de flores, nuevo leon -> queretaro, queretaro","Ciénega de Flores, Nuevo León -> Querétaro, Querétaro","Ciénega de Flores, Nuevo León","Querétaro, Querétaro",731145.0,,25.9543957,-100.166333,20.5887932,-100.3898881,399.1749877929688,1816.216796875,,OK,,2026-07-08T13:56:31
"cincinnati, ohio -> huehuetoca, estado de mexico","Cincinnati, Ohio -> Huehuetoca, Estado de México","Cincinnati, Ohio","Huehuetoca, Estado de México",3263346.0,,39.1031182,-84.5120196,19.8277305,-99.2037508,167.9832916259766,2254.439697265625,,OK,,2026-07-08T13:56:32
"cincinnati, ohio -> laredo, texas","Cincinnati, Ohio -> Laredo, Texas","Cincinnati, Ohio","Laredo, Texas",2193723.0,,39.1031182,-84.5120196,27.5035613,-99.5075519,167.9832916259766,129.2351531982422,,OK,,2026-07-08T13:56:33
"ciudad de mexico, ciudad de mexico -> atlanta, georgia","Ciudad de México, Ciudad de México -> Atlanta, Georgia","Ciudad de México, Ciudad de México","Atlanta, Georgia",2766587.0,,19.4326077,-99.133208,33.7501275,-84.3885209,2229.72216796875,317.6960754394531,,OK,,2026-07-08T13:56:35
"ciudad de mexico, ciudad de mexico -> brisbane, california","Ciudad de México, Ciudad de México -> Brisbane, California","Ciudad de México, Ciudad de México","Brisbane, California",3642029.0,,19.4326077,-99.133208,37.6847648,-122.4023808,2229.72216796875,4.521912097930908,,OK,,2026-07-08T13:56:36
"ciudad de mexico, ciudad de mexico -> chicago, illinois","Ciudad de México, Ciudad de México -> Chicago, Illinois","Ciudad de México, Ciudad de México","Chicago, Illinois",3234238.0,,19.4326077,-99.133208,41.88325,-87.6323879,2229.72216796875,183.0,,OK,,2026-07-08T13:56:38
"ciudad de mexico, ciudad de mexico -> ciudad general escobedo, nuevo leon","Ciudad de México, Ciudad de México -> Ciudad General Escobedo, Nuevo León","Ciudad de México, Ciudad de México","Ciudad General Escobedo, Nuevo León",911913.0,,19.4326077,-99.133208,25.8002233,-100.3122083,2229.72216796875,499.1261596679688,,OK,,2026-07-08T13:56:39
"ciudad de mexico, ciudad de mexico -> grapevine, texas","Ciudad de México, Ciudad de México -> Grapevine, Texas","Ciudad de México, Ciudad de México","Grapevine, Texas",1837730.0,,19.4326077,-99.133208,32.9394524,-97.078668,2229.72216796875,195.8994903564453,,OK,,2026-07-08T13:56:40
"ciudad de mexico, ciudad de mexico -> los angeles, california","Ciudad de México, Ciudad de México -> Los Angeles, California","Ciudad de México, Ciudad de México","Los Angeles, California",3034601.0,,19.4326077,-99.133208,34.0549076,-118.242643,2229.72216796875,95.03137969970705,,OK,,2026-07-08T13:56:42
"ciudad de mexico, ciudad de mexico -> monterrey, nuevo leon","Ciudad de México, Ciudad de México -> Monterrey, Nuevo León","Ciudad de México, Ciudad de México","Monterrey, Nuevo León",908890.0,,19.4326077,-99.133208,25.6866142,-100.3161126,2229.72216796875,541.4471435546875,,OK,,2026-07-08T13:56:43
"ciudad de mexico, ciudad de mexico -> plainfield, indiana","Ciudad de México, Ciudad de México -> Plainfield, Indiana","Ciudad de México, Ciudad de México","Plainfield, Indiana",3102924.0,,19.4326077,-99.133208,39.7024855,-86.4040478,2229.72216796875,222.2748718261719,,OK,,2026-07-08T13:56:44
"ciudad de mexico, ciudad de mexico -> saltillo, coahuila de zaragoza","Ciudad de México, Ciudad de México -> Saltillo, Coahuila de Zaragoza","Ciudad de México, Ciudad de México","Saltillo, Coahuila de Zaragoza",841082.0,,19.4326077,-99.133208,25.4383234,-100.973678,2229.72216796875,1541.935180664062,,OK,,2026-07-08T13:56:46
"ciudad de mexico, ciudad de mexico -> santa catarina, nuevo leon","Ciudad de México, Ciudad de México -> Santa Catarina, Nuevo León","Ciudad de México, Ciudad de México","Santa Catarina, Nuevo León",892210.0,,19.4326077,-99.133208,25.6746058,-100.4423188,2229.72216796875,652.3250732421875,,OK,,2026-07-08T13:56:47
"ciudad de mexico, ciudad de mexico -> silao de la victoria, guanajuato","Ciudad de México, Ciudad de México -> Silao de la Victoria, Guanajuato","Ciudad de México, Ciudad de México","Silao de la Victoria, Guanajuato",351618.0,,19.4326077,-99.133208,20.952141,-101.4282369,2229.72216796875,1780.1376953125,,OK,,2026-07-08T13:56:50
"ciudad guzman, jalisco -> laredo, texas","Ciudad Guzmán, Jalisco -> Laredo, Texas","Ciudad Guzmán, Jalisco","Laredo, Texas",1147319.0,,19.7050171,-103.4685183,27.5035613,-99.5075519,1525.488891601562,129.2351531982422,,OK,,2026-07-08T13:56:52
"ciudad guzman, jalisco -> oklahoma city, oklahoma","Ciudad Guzmán, Jalisco -> Oklahoma City, Oklahoma","Ciudad Guzmán, Jalisco","Oklahoma City, Oklahoma",2147959.0,,19.7050171,-103.4685183,35.4688692,-97.519539,1525.488891601562,364.57568359375,,OK,,2026-07-08T13:56:53
"ciudad juarez, chihuahua -> san pedro tlaquepaque, jalisco","Ciudad Juárez, Chihuahua -> San Pedro Tlaquepaque, Jalisco","Ciudad Juárez, Chihuahua","San Pedro Tlaquepaque, Jalisco",1548451.0,,31.6903638,-106.4245478,20.6025191,-103.3361581,1127.196411132812,1564.796630859375,,OK,,2026-07-08T13:56:55
"ciudad juarez, chihuahua -> torreon, coahuila de zaragoza","Ciudad Juárez, Chihuahua -> Torreón, Coahuila de Zaragoza","Ciudad Juárez, Chihuahua","Torreón, Coahuila de Zaragoza",836909.0,,31.6903638,-106.4245478,25.5428443,-103.4067861,1127.196411132812,1128.250122070312,,OK,,2026-07-08T13:56:56
"ciudad juarez, durango -> brooks, kentucky","Ciudad Juárez, Durango -> Brooks, Kentucky","Ciudad Juárez, Durango","Brooks, Kentucky",2591378.0,,25.4903212,-103.5911714,38.0638317,-85.722742,1162.029052734375,175.1919860839844,,OK,,2026-07-08T13:56:58
"ciudad juarez, durango -> laredo, texas","Ciudad Juárez, Durango -> Laredo, Texas","Ciudad Juárez, Durango","Laredo, Texas",578189.0,,25.4903212,-103.5911714,27.5035613,-99.5075519,1162.029052734375,129.2351531982422,,OK,,2026-07-08T13:57:00
"ciudad obregon, sonora -> culiacan, sinaloa","Ciudad Obregón, Sonora -> Culiacán, Sinaloa","Ciudad Obregón, Sonora","Culiacán, Sinaloa",445974.0,,27.4827729,-109.930367,24.8090649,-107.3940117,39.09292984008789,44.73824691772461,,OK,,2026-07-08T13:57:01
"ciudad obregon, sonora -> toluca, estado de mexico","Ciudad Obregón, Sonora -> Toluca, Estado de México","Ciudad Obregón, Sonora","Toluca, Estado de México",1569064.0,,27.4827729,-109.930367,19.2826098,-99.6556653,39.09292984008789,2670.009765625,,OK,,2026-07-08T13:57:02
"ciudad victoria, tamaulipas -> queretaro, queretaro","Ciudad Victoria, Tamaulipas -> Querétaro, Querétaro","Ciudad Victoria, Tamaulipas","Querétaro, Querétaro",524263.0,,23.7369164,-99.1411154,20.5887932,-100.3898881,313.2961730957031,1816.216796875,,OK,,2026-07-08T13:57:04
"cleveland, ohio -> laredo, texas","Cleveland, Ohio -> Laredo, Texas","Cleveland, Ohio","Laredo, Texas",2593443.0,,41.49932,-81.6943605,27.5035613,-99.5075519,199.8629608154297,129.2351531982422,,OK,,2026-07-08T13:57:05
"colquitt, georgia -> laredo, texas","Colquitt, Georgia -> Laredo, Texas","Colquitt, Georgia","Laredo, Texas",1620836.0,,31.17129349999999,-84.7332527,27.5035613,-99.5075519,52.72766876220703,129.2351531982422,,OK,,2026-07-08T13:57:06
"columbus, ohio -> saltillo, coahuila de zaragoza","Columbus, Ohio -> Saltillo, Coahuila de Zaragoza","Columbus, Ohio","Saltillo, Coahuila de Zaragoza",2665008.0,,39.9625112,-83.0032218,25.4383234,-100.973678,225.5127410888672,1541.935180664062,,OK,,2026-07-08T13:57:08
"conyers, georgia -> miami, florida","Conyers, Georgia -> Miami, Florida","Conyers, Georgia","Miami, Florida",1057292.0,,33.6676103,-84.01769039999999,25.7616798,-80.1917902,275.8137512207031,0.5368872284889221,,OK,,2026-07-08T13:57:10
"coppell, texas -> laredo, texas","Coppell, Texas -> Laredo, Texas","Coppell, Texas","Laredo, Texas",723241.0,,32.9545687,-97.0150078,27.5035613,-99.5075519,158.0316925048828,129.2351531982422,,OK,,2026-07-08T13:57:11
"cordoba, veracruz de ignacio de la llave -> franklin, louisiana","Córdoba, Veracruz de Ignacio de la Llave -> Franklin, Louisiana","Córdoba, Veracruz de Ignacio de la Llave","Franklin, Louisiana",2009794.0,,18.8838909,-96.9237751,29.7960399,-91.5015002,821.5255126953125,3.179535388946533,,OK,,2026-07-08T13:57:13
"cordoba, veracruz de ignacio de la llave -> jeanerette, louisiana","Córdoba, Veracruz de Ignacio de la Llave -> Jeanerette, Louisiana","Córdoba, Veracruz de Ignacio de la Llave","Jeanerette, Louisiana",1990518.0,,18.8838909,-96.9237751,29.9110378,-91.6634483,821.5255126953125,4.886550426483154,,OK,,2026-07-08T13:57:15
"coronango, puebla -> muscle shoals, alabama","Coronango, Puebla -> Muscle Shoals, Alabama","Coronango, Puebla","Muscle Shoals, Alabama",2631845.0,,19.1201907,-98.3069426,34.7448112,-87.66752919999999,2187.935302734375,152.7047576904297,,OK,,2026-07-08T13:57:16
"corry, pennsylvania -> laredo, texas","Corry, Pennsylvania -> Laredo, Texas","Corry, Pennsylvania","Laredo, Texas",2791312.0,,41.9203337,-79.6403287,27.5035613,-99.5075519,435.7116088867188,129.2351531982422,,OK,,2026-07-08T13:57:18
"cuautitlan izcalli, estado de mexico -> apodaca, nuevo leon","Cuautitlán Izcalli, Estado de México -> Apodaca, Nuevo León","Cuautitlán Izcalli, Estado de México","Apodaca, Nuevo León",893614.0,,19.6528089,-99.2231387,25.776468,-100.1858743,2277.62060546875,430.6315002441406,,OK,,2026-07-08T13:57:19
"cuautitlan izcalli, estado de mexico -> ciudad hidalgo, chiapas","Cuautitlán Izcalli, Estado de México -> Ciudad Hidalgo, Chiapas","Cuautitlán Izcalli, Estado de México","Ciudad Hidalgo, Chiapas",1237465.0,,19.6528089,-99.2231387,14.6796279,-92.1525959,2277.62060546875,30.22902488708496,,OK,,2026-07-08T13:57:20
"cuautitlan izcalli, estado de mexico -> ensenada, baja california","Cuautitlán Izcalli, Estado de México -> Ensenada, Baja California","Cuautitlán Izcalli, Estado de México","Ensenada, Baja California",2795971.0,,19.6528089,-99.2231387,31.8557021,-116.6057392,2277.62060546875,14.35856151580811,,OK,,2026-07-08T13:57:22
"cuautitlan izcalli, estado de mexico -> merida, yucatan","Cuautitlán Izcalli, Estado de México -> Mérida, Yucatán","Cuautitlán Izcalli, Estado de México","Mérida, Yucatán",1361304.0,,19.6528089,-99.2231387,20.9673702,-89.5925857,2277.62060546875,9.383517265319824,,OK,,2026-07-08T13:57:23
"cuautitlan izcalli, estado de mexico -> monterrey, nuevo leon","Cuautitlán Izcalli, Estado de México -> Monterrey, Nuevo León","Cuautitlán Izcalli, Estado de México","Monterrey, Nuevo León",872776.0,,19.6528089,-99.2231387,25.6866142,-100.3161126,2277.62060546875,541.4471435546875,,OK,,2026-07-08T13:57:24
"cuautitlan izcalli, estado de mexico -> naucalpan de juarez, estado de mexico","Cuautitlán Izcalli, Estado de México -> Naucalpan de Juárez, Estado de México","Cuautitlán Izcalli, Estado de México","Naucalpan de Juárez, Estado de México",26716.0,,19.6528089,-99.2231387,19.4737133,-99.2336657,2277.62060546875,2266.69775390625,,OK,,2026-07-08T13:57:26
"cuautitlan izcalli, estado de mexico -> tultitlan, estado de mexico","Cuautitlán Izcalli, Estado de México -> Tultitlán, Estado de México","Cuautitlán Izcalli, Estado de México","Tultitlán, Estado de México",10465.0,,19.6528089,-99.2231387,19.6392125,-99.1668646,2277.62060546875,2246.053955078125,,OK,,2026-07-08T13:57:27
"cuautitlan, estado de mexico -> guadalajara, jalisco","Cuautitlán, Estado de México -> Guadalajara, Jalisco","Cuautitlán, Estado de México","Guadalajara, Jalisco",515373.0,,19.6695008,-99.1655054,20.6751707,-103.3473385,2248.847412109375,1546.570434570312,,OK,,2026-07-08T13:57:28
"cuautitlan, estado de mexico -> iowa, louisiana","Cuautitlán, Estado de México -> Iowa, Louisiana","Cuautitlán, Estado de México","Iowa, Louisiana",1740440.0,,19.6695008,-99.1655054,30.2368292,-93.01363990000002,2248.847412109375,6.77202844619751,,OK,,2026-07-08T13:57:30
"cuautlancingo, puebla -> queretaro, queretaro","Cuautlancingo, Puebla -> Querétaro, Querétaro","Cuautlancingo, Puebla","Querétaro, Querétaro",321814.0,,19.0966286,-98.2724536,20.5887932,-100.3898881,2166.916259765625,1816.216796875,,OK,,2026-07-08T13:57:32
"cuernavaca, morelos -> iowa, louisiana","Cuernavaca, Morelos -> Iowa, Louisiana","Cuernavaca, Morelos","Iowa, Louisiana",1827962.0,,18.9242095,-99.22156590000002,30.2368292,-93.01363990000002,1514.267211914062,6.77202844619751,,OK,,2026-07-08T13:57:33
"cuernavaca, morelos -> muscle shoals, alabama","Cuernavaca, Morelos -> Muscle Shoals, Alabama","Cuernavaca, Morelos","Muscle Shoals, Alabama",2725292.0,,18.9242095,-99.22156590000002,34.7448112,-87.66752919999999,1514.267211914062,152.7047576904297,,OK,,2026-07-08T13:57:35
"cuernavaca, morelos -> russellville, kentucky","Cuernavaca, Morelos -> Russellville, Kentucky","Cuernavaca, Morelos","Russellville, Kentucky",3042386.0,,18.9242095,-99.22156590000002,36.8453199,-86.887219,1514.267211914062,181.8478698730469,,OK,,2026-07-08T13:57:36
"culiacan, sinaloa -> ciudad obregon, sonora","Culiacán, Sinaloa -> Ciudad Obregón, Sonora","Culiacán, Sinaloa","Ciudad Obregón, Sonora",448286.0,,24.8090649,-107.3940117,27.4827729,-109.930367,44.73824691772461,39.09292984008789,,OK,,2026-07-08T13:57:38
"culiacan, sinaloa -> navojoa, sonora","Culiacán, Sinaloa -> Navojoa, Sonora","Culiacán, Sinaloa","Navojoa, Sonora",380456.0,,24.8090649,-107.3940117,27.0727573,-109.4437493,44.73824691772461,45.76589965820312,,OK,,2026-07-08T13:57:39
"cuyahoga falls, ohio -> laredo, texas","Cuyahoga Falls, Ohio -> Laredo, Texas","Cuyahoga Falls, Ohio","Laredo, Texas",2576399.0,,41.1339449,-81.48455849999999,27.5035613,-99.5075519,313.3936462402344,129.2351531982422,,OK,,2026-07-08T13:57:41
"dalhart, texas -> laredo, texas","Dalhart, Texas -> Laredo, Texas","Dalhart, Texas","Laredo, Texas",1147082.0,,36.0594772,-102.5132497,27.5035613,-99.5075519,1214.040283203125,129.2351531982422,,OK,,2026-07-08T13:57:43
"dalton, georgia -> miami, florida","Dalton, Georgia -> Miami, Florida","Dalton, Georgia","Miami, Florida",1212872.0,,34.7698021,-84.9702228,25.7616798,-80.1917902,232.7333984375,0.5368872284889221,,OK,,2026-07-08T13:57:44
"dawson, georgia -> cuautla, morelos","Dawson, Georgia -> Cuautla, Morelos","Dawson, Georgia","Cuautla, Morelos",2772668.0,,31.7735001,-84.4465826,18.8126047,-98.9548261,108.4564208984375,1298.065551757812,,OK,,2026-07-08T13:57:46
"dawson, georgia -> laredo, texas","Dawson, Georgia -> Laredo, Texas","Dawson, Georgia","Laredo, Texas",1703233.0,,31.7735001,-84.4465826,27.5035613,-99.5075519,108.4564208984375,129.2351531982422,,OK,,2026-07-08T13:57:47
"decatur, illinois -> laredo, texas","Decatur, Illinois -> Laredo, Texas","Decatur, Illinois","Laredo, Texas",1919883.0,,39.8436162,-88.9530693,27.5035613,-99.5075519,205.0542602539062,129.2351531982422,,OK,,2026-07-08T13:57:49
"delicias, chihuahua -> edison, new jersey","Delicias, Chihuahua -> Edison, New Jersey","Delicias, Chihuahua","Edison, New Jersey",3711924.0,,28.1871201,-105.4595306,40.5168636,-74.40628250000002,1184.789306640625,35.09778213500977,,OK,,2026-07-08T13:57:51
"delta, ohio -> saltillo, coahuila de zaragoza","Delta, Ohio -> Saltillo, Coahuila de Zaragoza","Delta, Ohio","Saltillo, Coahuila de Zaragoza",2765497.0,,41.573663,-84.0052235,25.4383234,-100.973678,219.6498413085938,1541.935180664062,,OK,,2026-07-08T13:57:52
"detroit, michigan -> laredo, texas","Detroit, Michigan -> Laredo, Texas","Detroit, Michigan","Laredo, Texas",2614647.0,,42.32971819999999,-83.0424533,27.5035613,-99.5075519,183.1509552001953,129.2351531982422,,OK,,2026-07-08T13:57:53
"dickson, tennessee -> san jose iturbide, guanajuato","Dickson, Tennessee -> San José Iturbide, Guanajuato","Dickson, Tennessee","San José Iturbide, Guanajuato",2577203.0,,36.0770048,-87.3877899,20.9996535,-100.3854458,247.8103485107422,2104.200439453125,,OK,,2026-07-08T13:57:55
"dolores hidalgo cuna de la independencia nacional, guanajuato -> ocotlan, jalisco","Dolores Hidalgo Cuna de la Independencia Nacional, Guanajuato -> Ocotlán, Jalisco","Dolores Hidalgo Cuna de la Independencia Nacional, Guanajuato","Ocotlán, Jalisco",286608.0,,21.151597,-100.9367183,20.3417485,-102.7652326,1924.00927734375,1527.78662109375,,OK,,2026-07-08T13:57:56
"douglas, georgia -> cuautla, morelos","Douglas, Georgia -> Cuautla, Morelos","Douglas, Georgia","Cuautla, Morelos",2911481.0,,31.5088073,-82.8498654,18.8126047,-98.9548261,79.57459259033203,1298.065551757812,,OK,,2026-07-08T13:57:58
"douglas, georgia -> laredo, texas","Douglas, Georgia -> Laredo, Texas","Douglas, Georgia","Laredo, Texas",1842046.0,,31.5088073,-82.8498654,27.5035613,-99.5075519,79.57459259033203,129.2351531982422,,OK,,2026-07-08T13:57:59
"ecatepec de morelos, estado de mexico -> queretaro, queretaro","Ecatepec de Morelos, Estado de México -> Querétaro, Querétaro","Ecatepec de Morelos, Estado de México","Querétaro, Querétaro",197265.0,,19.5671142,-99.0445193,20.5887932,-100.3898881,2238.889404296875,1816.216796875,,OK,,2026-07-08T13:58:01
"el paso, texas -> agua caliente, chihuahua","El Paso, Texas -> Agua Caliente, Chihuahua","El Paso, Texas","Agua Caliente, Chihuahua",585749.0,,31.7618778,-106.4850217,27.3229118,-106.3099586,1132.736206054688,1461.197631835938,,OK,,2026-07-08T13:58:02
"el paso, texas -> delicias, chihuahua","El Paso, Texas -> Delicias, Chihuahua","El Paso, Texas","Delicias, Chihuahua",486112.0,,31.7618778,-106.4850217,28.1871201,-105.4595306,1132.736206054688,1184.789306640625,,OK,,2026-07-08T13:58:03
"el paso, texas -> laredo, texas","El Paso, Texas -> Laredo, Texas","El Paso, Texas","Laredo, Texas",972718.0,,31.7618778,-106.4850217,27.5035613,-99.5075519,1132.736206054688,129.2351531982422,,OK,,2026-07-08T13:58:05
"el paso, texas -> nuevo laredo, tamaulipas","El Paso, Texas -> Nuevo Laredo, Tamaulipas","El Paso, Texas","Nuevo Laredo, Tamaulipas",953694.0,,31.7618778,-106.4850217,27.4779362,-99.549573,1132.736206054688,141.5451812744141,,OK,,2026-07-08T13:58:07
"el reno, oklahoma -> laredo, texas","El Reno, Oklahoma -> Laredo, Texas","El Reno, Oklahoma","Laredo, Texas",1043804.0,,35.5322741,-97.9550493,27.5035613,-99.5075519,412.9935302734375,129.2351531982422,,OK,,2026-07-08T13:58:08
"el salto, jalisco -> altamira, tamaulipas","El Salto, Jalisco -> Altamira, Tamaulipas","El Salto, Jalisco","Altamira, Tamaulipas",781453.0,,20.5178271,-103.1826862,22.4077462,-97.9211555,1527.1181640625,25.66448402404785,,OK,,2026-07-08T13:58:10
"el salto, jalisco -> azcapotzalco, ciudad de mexico","El Salto, Jalisco -> Azcapotzalco, Ciudad de México","El Salto, Jalisco","Azcapotzalco, Ciudad de México",523604.0,,20.5178271,-103.1826862,19.4846606,-99.1886749,1527.1181640625,2247.478759765625,,OK,,2026-07-08T13:58:11
"el salto, jalisco -> celaya, guanajuato","El Salto, Jalisco -> Celaya, Guanajuato","El Salto, Jalisco","Celaya, Guanajuato",308486.0,,20.5178271,-103.1826862,20.5279612,-100.8112885,1527.1181640625,1759.49169921875,,OK,,2026-07-08T13:58:12
"el salto, jalisco -> emiliano zapata, estado de mexico","El Salto, Jalisco -> Emiliano Zapata, Estado de México","El Salto, Jalisco","Emiliano Zapata, Estado de México",509427.0,,20.5178271,-103.1826862,19.9111111,-99.0066666,1527.1181640625,2302.55078125,,OK,,2026-07-08T13:58:14
"el salto, jalisco -> ixtapaluca, estado de mexico","El Salto, Jalisco -> Ixtapaluca, Estado de México","El Salto, Jalisco","Ixtapaluca, Estado de México",573452.0,,20.5178271,-103.1826862,19.3090538,-98.9079782,1527.1181640625,2243.81640625,,OK,,2026-07-08T13:58:15
"el salto, jalisco -> queretaro, queretaro","El Salto, Jalisco -> Querétaro, Querétaro","El Salto, Jalisco","Querétaro, Querétaro",352059.0,,20.5178271,-103.1826862,20.5887932,-100.3898881,1527.1181640625,1816.216796875,,OK,,2026-07-08T13:58:17
"el salto, jalisco -> ramos arizpe, coahuila de zaragoza","El Salto, Jalisco -> Ramos Arizpe, Coahuila de Zaragoza","El Salto, Jalisco","Ramos Arizpe, Coahuila de Zaragoza",729074.0,,20.5178271,-103.1826862,25.5287851,-100.9518886,1527.1181640625,1415.503051757812,,OK,,2026-07-08T13:58:19
"el salto, jalisco -> santa cruz atzcapotzaltongo, estado de mexico","El Salto, Jalisco -> Santa Cruz Atzcapotzaltongo, Estado de México","El Salto, Jalisco","Santa Cruz Atzcapotzaltongo, Estado de México",455601.0,,20.5178271,-103.1826862,19.320786,-99.6591939,1527.1181640625,2619.983154296875,,OK,,2026-07-08T13:58:21
"el salto, jalisco -> tijuana, baja california","El Salto, Jalisco -> Tijuana, Baja California","El Salto, Jalisco","Tijuana, Baja California",2255037.0,,20.5178271,-103.1826862,32.5331957,-117.0192784,1527.1181640625,22.42227745056152,,OK,,2026-07-08T13:58:22
"erie, pennsylvania -> laredo, texas","Erie, Pennsylvania -> Laredo, Texas","Erie, Pennsylvania","Laredo, Texas",2748834.0,,42.1290386,-80.0849716,27.5035613,-99.5075519,198.7972869873047,129.2351531982422,,OK,,2026-07-08T13:58:24
"essex, ontario -> culiacan, sinaloa","Essex, Ontario -> Culiacán, Sinaloa","Essex, Ontario","Culiacán, Sinaloa",3860238.0,,42.1639439,-82.7347142,24.8090649,-107.3940117,190.6417846679688,44.73824691772461,,OK,,2026-07-08T13:58:26
"evansville, indiana -> laredo, texas","Evansville, Indiana -> Laredo, Texas","Evansville, Indiana","Laredo, Texas",1904647.0,,37.9715592,-87.5710898,27.5035613,-99.5075519,118.2612609863281,129.2351531982422,,OK,,2026-07-08T13:58:28
"firebaugh, california -> el paso, texas","Firebaugh, California -> El Paso, Texas","Firebaugh, California","El Paso, Texas",1680454.0,,36.8588376,-120.4560072,31.7618778,-106.4850217,43.7356071472168,1132.736206054688,,OK,,2026-07-08T13:58:29
"flanders, new jersey -> laredo, texas","flanders, New Jersey -> Laredo, Texas","flanders, New Jersey","Laredo, Texas",3067260.0,,40.8418677,-74.7161489,27.5035613,-99.5075519,317.201904296875,129.2351531982422,,OK,,2026-07-08T13:58:31
"fontana, california -> ensenada, baja california","Fontana, California -> Ensenada, Baja California","Fontana, California","Ensenada, Baja California",310511.0,,34.0922335,-117.435048,31.8557021,-116.6057392,375.6900024414062,14.35856151580811,,OK,,2026-07-08T13:58:33
"fowler, california -> tecoman, colima","Fowler, California -> Tecomán, Colima","Fowler, California","Tecomán, Colima",3063361.0,,36.6305058,-119.6784697,18.9173829,-103.8738031,93.77494049072266,39.65007019042969,,OK,,2026-07-08T13:58:34
"franklin, wisconsin -> laredo, texas","Franklin, Wisconsin -> Laredo, Texas","Franklin, Wisconsin","Laredo, Texas",2291068.0,,43.4610553,-90.8865834,27.5035613,-99.5075519,325.0855102539062,129.2351531982422,,OK,,2026-07-08T13:58:36
"fremont, ohio -> laredo, texas","Fremont, Ohio -> Laredo, Texas","Fremont, Ohio","Laredo, Texas",2524246.0,,41.3503303,-83.1218634,27.5035613,-99.5075519,191.521728515625,129.2351531982422,,OK,,2026-07-08T13:58:38
"fresno, california -> el paso, texas","Fresno, California -> El Paso, Texas","Fresno, California","El Paso, Texas",1639709.0,,36.7377981,-119.7871247,31.7618778,-106.4850217,89.8837890625,1132.736206054688,,OK,,2026-07-08T13:58:39
"gadsden, alabama -> laredo, texas","Gadsden, Alabama -> Laredo, Texas","Gadsden, Alabama","Laredo, Texas",1677083.0,,34.014264,-86.0066386,27.5035613,-99.5075519,169.7209167480469,129.2351531982422,,OK,,2026-07-08T13:58:41
"gadsden, alabama -> san jose iturbide, guanajuato","Gadsden, Alabama -> San José Iturbide, Guanajuato","Gadsden, Alabama","San José Iturbide, Guanajuato",2528861.0,,34.014264,-86.0066386,20.9996535,-100.3854458,169.7209167480469,2104.200439453125,,OK,,2026-07-08T13:58:42
"garcia, nuevo leon -> apodaca, nuevo leon","García, Nuevo León -> Apodaca, Nuevo León","García, Nuevo León","Apodaca, Nuevo León",54089.0,,25.801032,-100.5861995,25.776468,-100.1858743,700.55712890625,430.6315002441406,,OK,,2026-07-08T13:58:44
"garden grove, california -> laredo, texas","Garden Grove, California -> Laredo, Texas","Garden Grove, California","Laredo, Texas",2243686.0,,33.7742692,-117.9379952,27.5035613,-99.5075519,25.76324462890625,129.2351531982422,,OK,,2026-07-08T13:58:45
"garden grove, california -> silao de la victoria, guanajuato","Garden Grove, California -> Silao de la Victoria, Guanajuato","Garden Grove, California","Silao de la Victoria, Guanajuato",2592214.0,,33.7742692,-117.9379952,20.952141,-101.4282369,25.76324462890625,1780.1376953125,,OK,,2026-07-08T13:58:47
"garland, texas -> laredo, texas","Garland, Texas -> Laredo, Texas","Garland, Texas","Laredo, Texas",722370.0,,32.9136363,-96.6364294,27.5035613,-99.5075519,167.7758331298828,129.2351531982422,,OK,,2026-07-08T13:58:48
"general escobedo, nuevo leon -> laredo, texas","General Escobedo, Nuevo León -> Laredo, Texas","General Escobedo, Nuevo León","Laredo, Texas",215977.0,,25.8002233,-100.3122083,27.5035613,-99.5075519,499.1261596679688,129.2351531982422,,OK,,2026-07-08T13:58:51
"general escobedo, nuevo leon -> muscle shoals, alabama","General Escobedo, Nuevo León -> Muscle Shoals, Alabama","General Escobedo, Nuevo León","Muscle Shoals, Alabama",1872726.0,,25.8002233,-100.3122083,34.7448112,-87.66752919999999,499.1261596679688,152.7047576904297,,OK,,2026-07-08T13:58:53
"germantown, wisconsin -> laredo, texas","Germantown, Wisconsin -> Laredo, Texas","Germantown, Wisconsin","Laredo, Texas",2329131.0,,43.2286174,-88.1103691,27.5035613,-99.5075519,260.96240234375,129.2351531982422,,OK,,2026-07-08T13:58:55
"gomez palacio, durango -> ensenada, baja california","Gómez Palacio, Durango -> Ensenada, Baja California","Gómez Palacio, Durango","Ensenada, Baja California",1991858.0,,25.589081,-103.4856462,31.8557021,-116.6057392,1122.735107421875,14.35856151580811,,OK,,2026-07-08T13:58:56
"grandville, michigan -> apodaca, nuevo leon","Grandville, Michigan -> Apodaca, Nuevo León","Grandville, Michigan","Apodaca, Nuevo León",2686250.0,,42.9097484,-85.7630885,25.776468,-100.1858743,184.8963012695312,430.6315002441406,,OK,,2026-07-08T13:58:58
"greenville, north carolina -> laredo, texas","Greenville, North Carolina -> Laredo, Texas","Greenville, North Carolina","Laredo, Texas",2550062.0,,35.6115318,-77.3752068,27.5035613,-99.5075519,15.00136184692383,129.2351531982422,,OK,,2026-07-08T13:59:00
"greenville, texas -> georgetown, texas","Greenville, Texas -> Georgetown, Texas","Greenville, Texas","Georgetown, Texas",354151.0,,33.1398034,-96.1072021,30.6332618,-97.6779842,166.1264953613281,229.6457214355469,,OK,,2026-07-08T13:59:02
"guadalajara, jalisco -> aguascalientes, aguascalientes","Guadalajara, Jalisco -> Aguascalientes, Aguascalientes","Guadalajara, Jalisco","Aguascalientes, Aguascalientes",223927.0,,20.6751707,-103.3473385,21.8852562,-102.2915677,1546.570434570312,1870.779296875,,OK,,2026-07-08T13:59:03
"guadalajara, jalisco -> apodaca, nuevo leon","Guadalajara, Jalisco -> Apodaca, Nuevo León","Guadalajara, Jalisco","Apodaca, Nuevo León",832751.0,,20.6751707,-103.3473385,25.776468,-100.1858743,1546.570434570312,430.6315002441406,,OK,,2026-07-08T13:59:04
"guadalajara, jalisco -> azcapotzalco, ciudad de mexico","Guadalajara, Jalisco -> Azcapotzalco, Ciudad de México","Guadalajara, Jalisco","Azcapotzalco, Ciudad de México",537778.0,,20.6751707,-103.3473385,19.4846606,-99.1886749,1546.570434570312,2247.478759765625,,OK,,2026-07-08T13:59:06
"guadalajara, jalisco -> chalchicomula de sesma, puebla","Guadalajara, Jalisco -> Chalchicomula de Sesma, Puebla","Guadalajara, Jalisco","Chalchicomula de Sesma, Puebla",750073.0,,20.6751707,-103.3473385,18.9854,-97.44449,1546.570434570312,2551.452392578125,,OK,,2026-07-08T13:59:07
"guadalajara, jalisco -> chipilo, puebla","Guadalajara, Jalisco -> Chipilo, Puebla","Guadalajara, Jalisco","Chipilo, Puebla",673846.0,,20.6751707,-103.3473385,19.00587,-98.3314182,1546.570434570312,2138.089111328125,,OK,,2026-07-08T13:59:09
"guadalajara, jalisco -> ciudad general escobedo, nuevo leon","Guadalajara, Jalisco -> Ciudad General Escobedo, Nuevo León","Guadalajara, Jalisco","Ciudad General Escobedo, Nuevo León",814196.0,,20.6751707,-103.3473385,25.8002233,-100.3122083,1546.570434570312,499.1261596679688,,OK,,2026-07-08T13:59:10
"guadalajara, jalisco -> cuautitlan izcalli, estado de mexico","Guadalajara, Jalisco -> Cuautitlán Izcalli, Estado de México","Guadalajara, Jalisco","Cuautitlán Izcalli, Estado de México",517076.0,,20.6751707,-103.3473385,19.6528089,-99.2231387,1546.570434570312,2277.62060546875,,OK,,2026-07-08T13:59:12
"guadalajara, jalisco -> cuautitlan, estado de mexico","Guadalajara, Jalisco -> Cuautitlán, Estado de México","Guadalajara, Jalisco","Cuautitlán, Estado de México",519952.0,,20.6751707,-103.3473385,19.6695008,-99.1655054,1546.570434570312,2248.847412109375,,OK,,2026-07-08T13:59:13
"guadalajara, jalisco -> culiacan, sinaloa","Guadalajara, Jalisco -> Culiacán, Sinaloa","Guadalajara, Jalisco","Culiacán, Sinaloa",684233.0,,20.6751707,-103.3473385,24.8090649,-107.3940117,1546.570434570312,44.73824691772461,,OK,,2026-07-08T13:59:15
"guadalajara, jalisco -> ecatepec de morelos, estado de mexico","Guadalajara, Jalisco -> Ecatepec de Morelos, Estado de México","Guadalajara, Jalisco","Ecatepec de Morelos, Estado de México",535166.0,,20.6751707,-103.3473385,19.5671142,-99.0445193,1546.570434570312,2238.889404296875,,OK,,2026-07-08T13:59:16
"guadalajara, jalisco -> el salto, jalisco","Guadalajara, Jalisco -> El Salto, Jalisco","Guadalajara, Jalisco","El Salto, Jalisco",33257.0,,20.6751707,-103.3473385,20.5178271,-103.1826862,1546.570434570312,1527.1181640625,,OK,,2026-07-08T13:59:18
"guadalajara, jalisco -> fremont, california","Guadalajara, Jalisco -> Fremont, California","Guadalajara, Jalisco","Fremont, California",3090472.0,,20.6751707,-103.3473385,37.5485396,-121.988583,1546.570434570312,16.59539794921875,,OK,,2026-07-08T13:59:19
"guadalajara, jalisco -> guadalajara, jalisco","Guadalajara, Jalisco -> Guadalajara, Jalisco","Guadalajara, Jalisco","Guadalajara, Jalisco",0.0,,20.6751707,-103.3473385,20.6751707,-103.3473385,1546.570434570312,1546.570434570312,,OK,,2026-07-08T13:59:21
"guadalajara, jalisco -> hermosillo, sonora","Guadalajara, Jalisco -> Hermosillo, Sonora","Guadalajara, Jalisco","Hermosillo, Sonora",1352108.0,,20.6751707,-103.3473385,29.0729673,-110.9559192,1546.570434570312,202.4286193847656,,OK,,2026-07-08T13:59:23
"guadalajara, jalisco -> indianapolis, indiana","Guadalajara, Jalisco -> Indianapolis, Indiana","Guadalajara, Jalisco","Indianapolis, Indiana",3161131.0,,20.6751707,-103.3473385,39.76909,-86.158018,1546.570434570312,217.8527069091797,,OK,,2026-07-08T13:59:25
"guadalajara, jalisco -> jesus maria, aguascalientes","Guadalajara, Jalisco -> Jesús María, Aguascalientes","Guadalajara, Jalisco","Jesús María, Aguascalientes",240832.0,,20.6751707,-103.3473385,21.9635744,-102.3441041,1546.570434570312,1877.905883789062,,OK,,2026-07-08T13:59:26
"guadalajara, jalisco -> juarez, chihuahua","Guadalajara, Jalisco -> Juárez, Chihuahua","Guadalajara, Jalisco","Juárez, Chihuahua",1550743.0,,20.6751707,-103.3473385,31.6903638,-106.4245478,1546.570434570312,1127.196411132812,,OK,,2026-07-08T13:59:28
"guadalajara, jalisco -> la venta del astillero, jalisco","Guadalajara, Jalisco -> La Venta del Astillero, Jalisco","Guadalajara, Jalisco","La Venta del Astillero, Jalisco",23204.0,,20.6751707,-103.3473385,20.72564,-103.5462189,1546.570434570312,1623.311645507812,,OK,,2026-07-08T13:59:29
"guadalajara, jalisco -> leon, guanajuato","Guadalajara, Jalisco -> León, Guanajuato","Guadalajara, Jalisco","León, Guanajuato",225516.0,,20.6751707,-103.3473385,21.1250077,-101.6859605,1546.570434570312,1804.703125,,OK,,2026-07-08T13:59:31
"guadalajara, jalisco -> lerma, estado de mexico","Guadalajara, Jalisco -> Lerma, Estado de México","Guadalajara, Jalisco","Lerma, Estado de México",493894.0,,20.6751707,-103.3473385,19.2913424,-99.5244687,1546.570434570312,2568.7001953125,,OK,,2026-07-08T13:59:32
"guadalajara, jalisco -> mazatlan, sinaloa","Guadalajara, Jalisco -> Mazatlán, Sinaloa","Guadalajara, Jalisco","Mazatlán, Sinaloa",478554.0,,20.6751707,-103.3473385,23.2494148,-106.4111425,1546.570434570312,6.152902126312256,,OK,,2026-07-08T13:59:34
"guadalajara, jalisco -> metepec, estado de mexico","Guadalajara, Jalisco -> Metepec, Estado de México","Guadalajara, Jalisco","Metepec, Estado de México",481954.0,,20.6751707,-103.3473385,19.2528864,-99.598551,1546.570434570312,2615.98095703125,,OK,,2026-07-08T13:59:36
"guadalajara, jalisco -> mexicali, baja california","Guadalajara, Jalisco -> Mexicali, Baja California","Guadalajara, Jalisco","Mexicali, Baja California",2050370.0,,20.6751707,-103.3473385,32.6249284,-115.4435754,1546.570434570312,5.183290004730225,,OK,,2026-07-08T13:59:38
"guadalajara, jalisco -> muscle shoals, alabama","Guadalajara, Jalisco -> Muscle Shoals, Alabama","Guadalajara, Jalisco","Muscle Shoals, Alabama",2681547.0,,20.6751707,-103.3473385,34.7448112,-87.66752919999999,1546.570434570312,152.7047576904297,,OK,,2026-07-08T13:59:39
"guadalajara, jalisco -> puebla, puebla","Guadalajara, Jalisco -> Puebla, Puebla","Guadalajara, Jalisco","Puebla, Puebla",671374.0,,20.6751707,-103.3473385,19.0414398,-98.2062727,1546.570434570312,2147.357421875,,OK,,2026-07-08T13:59:41
"guadalajara, jalisco -> puerto vallarta, jalisco","Guadalajara, Jalisco -> Puerto Vallarta, Jalisco","Guadalajara, Jalisco","Puerto Vallarta, Jalisco",307205.0,,20.6751707,-103.3473385,20.6565177,-105.211358,1546.570434570312,38.58020782470703,,OK,,2026-07-08T13:59:43
"guadalajara, jalisco -> russellville, kentucky","Guadalajara, Jalisco -> Russellville, Kentucky","Guadalajara, Jalisco","Russellville, Kentucky",2863977.0,,20.6751707,-103.3473385,36.8453199,-86.887219,1546.570434570312,181.8478698730469,,OK,,2026-07-08T13:59:44
"guadalajara, jalisco -> salinas, california","Guadalajara, Jalisco -> Salinas, California","Guadalajara, Jalisco","Salinas, California",3007141.0,,20.6751707,-103.3473385,36.6777372,-121.6555013,1546.570434570312,16.20237159729004,,OK,,2026-07-08T13:59:46
"guadalajara, jalisco -> santa catarina, nuevo leon","Guadalajara, Jalisco -> Santa Catarina, Nuevo León","Guadalajara, Jalisco","Santa Catarina, Nuevo León",794493.0,,20.6751707,-103.3473385,25.6746058,-100.4423188,1546.570434570312,652.3250732421875,,OK,,2026-07-08T13:59:47
"guadalajara, jalisco -> santa cruz atzcapotzaltongo, estado de mexico","Guadalajara, Jalisco -> Santa Cruz Atzcapotzaltongo, Estado de México","Guadalajara, Jalisco","Santa Cruz Atzcapotzaltongo, Estado de México",469774.0,,20.6751707,-103.3473385,19.320786,-99.6591939,1546.570434570312,2619.983154296875,,OK,,2026-07-08T13:59:49
"guadalajara, jalisco -> tepotzotlan, estado de mexico","Guadalajara, Jalisco -> Tepotzotlán, Estado de México","Guadalajara, Jalisco","Tepotzotlán, Estado de México",509335.0,,20.6751707,-103.3473385,19.7185096,-99.2065202,1546.570434570312,2255.4853515625,,OK,,2026-07-08T13:59:51
"guadalajara, jalisco -> tijuana, baja california","Guadalajara, Jalisco -> Tijuana, Baja California","Guadalajara, Jalisco","Tijuana, Baja California",2223970.0,,20.6751707,-103.3473385,32.5331957,-117.0192784,1546.570434570312,22.42227745056152,,OK,,2026-07-08T13:59:53
"guadalajara, jalisco -> tlajomulco de zuniga, jalisco","Guadalajara, Jalisco -> Tlajomulco de Zúñiga, Jalisco","Guadalajara, Jalisco","Tlajomulco de Zúñiga, Jalisco",34081.0,,20.6751707,-103.3473385,20.4736865,-103.4479314,1546.570434570312,1585.729858398438,,OK,,2026-07-08T13:59:54
"guadalajara, jalisco -> tlalnepantla, estado de mexico","Guadalajara, Jalisco -> Tlalnepantla, Estado de México","Guadalajara, Jalisco","Tlalnepantla, Estado de México",529552.0,,20.6751707,-103.3473385,19.5360618,-99.1968306,1546.570434570312,2253.70654296875,,OK,,2026-07-08T13:59:56
"guadalajara, jalisco -> toluca, estado de mexico","Guadalajara, Jalisco -> Toluca, Estado de México","Guadalajara, Jalisco","Toluca, Estado de México",475107.0,,20.6751707,-103.3473385,19.2826098,-99.6556653,1546.570434570312,2670.009765625,,OK,,2026-07-08T13:59:58
"guadalajara, jalisco -> tonala, jalisco","Guadalajara, Jalisco -> Tonalá, Jalisco","Guadalajara, Jalisco","Tonalá, Jalisco",20084.0,,20.6751707,-103.3473385,20.6237413,-103.2413723,1546.570434570312,1662.29296875,,OK,,2026-07-08T13:59:59
"guadalajara, jalisco -> torreon, coahuila de zaragoza","Guadalajara, Jalisco -> Torreón, Coahuila de Zaragoza","Guadalajara, Jalisco","Torreón, Coahuila de Zaragoza",741467.0,,20.6751707,-103.3473385,25.5428443,-103.4067861,1546.570434570312,1128.250122070312,,OK,,2026-07-08T14:00:01
"guadalajara, jalisco -> tultitlan, estado de mexico","Guadalajara, Jalisco -> Tultitlán, Estado de México","Guadalajara, Jalisco","Tultitlán, Estado de México",522642.0,,20.6751707,-103.3473385,19.6392125,-99.1668646,1546.570434570312,2246.053955078125,,OK,,2026-07-08T14:00:02
"guadalajara, jalisco -> veracruz, veracruz de ignacio de la llave","Guadalajara, Jalisco -> Veracruz, Veracruz de Ignacio de la Llave","Guadalajara, Jalisco","Veracruz, Veracruz de Ignacio de la Llave",933625.0,,20.6751707,-103.3473385,19.173773,-96.1342241,1546.570434570312,4.375808238983154,,OK,,2026-07-08T14:00:05
"guadalupe, nuevo leon -> apodaca, nuevo leon","Guadalupe, Nuevo León -> Apodaca, Nuevo León","Guadalupe, Nuevo León","Apodaca, Nuevo León",14486.0,,25.6748291,-100.2155063,25.776468,-100.1858743,474.9679870605469,430.6315002441406,,OK,,2026-07-08T14:00:06
"harvey, illinois -> laredo, texas","Harvey, Illinois -> Laredo, Texas","Harvey, Illinois","Laredo, Texas",2219429.0,,41.6100344,-87.6467131,27.5035613,-99.5075519,184.1931457519531,129.2351531982422,,OK,,2026-07-08T14:00:08
"heroica veracruz, veracruz de ignacio de la llave -> apodaca, nuevo leon","Heroica Veracruz, Veracruz de Ignacio de la Llave -> Apodaca, Nuevo León","Heroica Veracruz, Veracruz de Ignacio de la Llave","Apodaca, Nuevo León",950539.0,,19.173773,-96.1342241,25.776468,-100.1858743,4.375808238983154,430.6315002441406,,OK,,2026-07-08T14:00:09
"heroica veracruz, veracruz de ignacio de la llave -> azcapotzalco, ciudad de mexico","Heroica Veracruz, Veracruz de Ignacio de la Llave -> Azcapotzalco, Ciudad de México","Heroica Veracruz, Veracruz de Ignacio de la Llave","Azcapotzalco, Ciudad de México",415074.0,,19.173773,-96.1342241,19.4846606,-99.1886749,4.375808238983154,2247.478759765625,,OK,,2026-07-08T14:00:11
"heroica veracruz, veracruz de ignacio de la llave -> coatepec, veracruz de ignacio de la llave","Heroica Veracruz, Veracruz de Ignacio de la Llave -> Coatepec, Veracruz de Ignacio de la Llave","Heroica Veracruz, Veracruz de Ignacio de la Llave","Coatepec, Veracruz de Ignacio de la Llave",117490.0,,19.173773,-96.1342241,19.451938,-96.9594511,4.375808238983154,1189.987426757812,,OK,,2026-07-08T14:00:13
"heroica veracruz, veracruz de ignacio de la llave -> coatzacoalcos, veracruz de ignacio de la llave","Heroica Veracruz, Veracruz de Ignacio de la Llave -> Coatzacoalcos, Veracruz de Ignacio de la Llave","Heroica Veracruz, Veracruz de Ignacio de la Llave","Coatzacoalcos, Veracruz de Ignacio de la Llave",312026.0,,19.173773,-96.1342241,18.1497687,-94.418581,4.375808238983154,10.80218410491943,,OK,,2026-07-08T14:00:14
"heroica veracruz, veracruz de ignacio de la llave -> cuautitlan izcalli, estado de mexico","Heroica Veracruz, Veracruz de Ignacio de la Llave -> Cuautitlán Izcalli, Estado de México","Heroica Veracruz, Veracruz de Ignacio de la Llave","Cuautitlán Izcalli, Estado de México",430538.0,,19.173773,-96.1342241,19.6528089,-99.2231387,4.375808238983154,2277.62060546875,,OK,,2026-07-08T14:00:15
"heroica veracruz, veracruz de ignacio de la llave -> cuautitlan, estado de mexico","Heroica Veracruz, Veracruz de Ignacio de la Llave -> Cuautitlán, Estado de México","Heroica Veracruz, Veracruz de Ignacio de la Llave","Cuautitlán, Estado de México",420610.0,,19.173773,-96.1342241,19.6695008,-99.1655054,4.375808238983154,2248.847412109375,,OK,,2026-07-08T14:00:17
"heroica veracruz, veracruz de ignacio de la llave -> lagos de moreno, jalisco","Heroica Veracruz, Veracruz de Ignacio de la Llave -> Lagos de Moreno, Jalisco","Heroica Veracruz, Veracruz de Ignacio de la Llave","Lagos de Moreno, Jalisco",774543.0,,19.173773,-96.1342241,21.3634964,-101.9291015,4.375808238983154,1917.813598632812,,OK,,2026-07-08T14:00:19
"heroica veracruz, veracruz de ignacio de la llave -> naucalpan de juarez, estado de mexico","Heroica Veracruz, Veracruz de Ignacio de la Llave -> Naucalpan de Juárez, Estado de México","Heroica Veracruz, Veracruz de Ignacio de la Llave","Naucalpan de Juárez, Estado de México",418862.0,,19.173773,-96.1342241,19.4737133,-99.2336657,4.375808238983154,2266.69775390625,,OK,,2026-07-08T14:00:20
"heroica veracruz, veracruz de ignacio de la llave -> san jose iturbide, guanajuato","Heroica Veracruz, Veracruz de Ignacio de la Llave -> San José Iturbide, Guanajuato","Heroica Veracruz, Veracruz de Ignacio de la Llave","San José Iturbide, Guanajuato",612799.0,,19.173773,-96.1342241,20.9996535,-100.3854458,4.375808238983154,2104.200439453125,,OK,,2026-07-08T14:00:22
"heroica veracruz, veracruz de ignacio de la llave -> silao de la victoria, guanajuato","Heroica Veracruz, Veracruz de Ignacio de la Llave -> Silao de la Victoria, Guanajuato","Heroica Veracruz, Veracruz de Ignacio de la Llave","Silao de la Victoria, Guanajuato",705312.0,,19.173773,-96.1342241,20.952141,-101.4282369,4.375808238983154,1780.1376953125,,OK,,2026-07-08T14:00:23
"heroica veracruz, veracruz de ignacio de la llave -> tlalnepantla, estado de mexico","Heroica Veracruz, Veracruz de Ignacio de la Llave -> Tlalnepantla, Estado de México","Heroica Veracruz, Veracruz de Ignacio de la Llave","Tlalnepantla, Estado de México",423974.0,,19.173773,-96.1342241,19.5360618,-99.1968306,4.375808238983154,2253.70654296875,,OK,,2026-07-08T14:00:24
"heroica veracruz, veracruz de ignacio de la llave -> tlaxcala, tlaxcala","Heroica Veracruz, Veracruz de Ignacio de la Llave -> Tlaxcala, Tlaxcala","Heroica Veracruz, Veracruz de Ignacio de la Llave","Tlaxcala, Tlaxcala",283775.0,,19.173773,-96.1342241,19.318154,-98.2374954,4.375808238983154,2233.779052734375,,OK,,2026-07-08T14:00:26
"hillsboro, oregon -> el paso, texas","Hillsboro, Oregon -> El Paso, Texas","Hillsboro, Oregon","El Paso, Texas",2654301.0,,45.5201237,-122.9913341,31.7618778,-106.4850217,58.75044631958008,1132.736206054688,,OK,,2026-07-08T14:00:28
"homer, michigan -> laredo, texas","Homer, Michigan -> Laredo, Texas","Homer, Michigan","Laredo, Texas",2474292.0,,42.145877,-84.80886,27.5035613,-99.5075519,302.6907653808594,129.2351531982422,,OK,,2026-07-08T14:00:30
"homer, michigan -> odessa, texas","Homer, Michigan -> Odessa, Texas","Homer, Michigan","Odessa, Texas",2219923.0,,42.145877,-84.80886,31.8456816,-102.3676431,302.6907653808594,882.3396606445312,,OK,,2026-07-08T14:00:31
"homerville, georgia -> ensenada, baja california","Homerville, Georgia -> Ensenada, Baja California","Homerville, Georgia","Ensenada, Baja California",3741615.0,,31.0365983,-82.74708489999999,31.8557021,-116.6057392,55.18247604370117,14.35856151580811,,OK,,2026-07-08T14:00:32
"homerville, georgia -> huehuetoca, estado de mexico","Homerville, Georgia -> Huehuetoca, Estado de México","Homerville, Georgia","Huehuetoca, Estado de México",2877017.0,,31.0365983,-82.74708489999999,19.8277305,-99.2037508,55.18247604370117,2254.439697265625,,OK,,2026-07-08T14:00:34
"homerville, georgia -> laredo, texas","Homerville, Georgia -> Laredo, Texas","Homerville, Georgia","Laredo, Texas",1831909.0,,31.0365983,-82.74708489999999,27.5035613,-99.5075519,55.18247604370117,129.2351531982422,,OK,,2026-07-08T14:00:35
"homerville, georgia -> san diego, california","Homerville, Georgia -> San Diego, California","Homerville, Georgia","San Diego, California",3688857.0,,31.0365983,-82.74708489999999,32.715738,-117.1610838,55.18247604370117,15.22497749328613,,OK,,2026-07-08T14:00:38
"houston, texas -> el paso, texas","Houston, Texas -> El Paso, Texas","Houston, Texas","El Paso, Texas",1201411.0,,29.7600771,-95.3701108,31.7618778,-106.4850217,14.59099960327148,1132.736206054688,,OK,,2026-07-08T14:00:39
"houston, texas -> houston, texas","Houston, Texas -> Houston, Texas","Houston, Texas","Houston, Texas",0.0,,29.7600771,-95.3701108,29.7600771,-95.3701108,14.59099960327148,14.59099960327148,,OK,,2026-07-08T14:00:40
"huehuetoca, estado de mexico -> chicago, illinois","Huehuetoca, Estado de México -> Chicago, Illinois","Huehuetoca, Estado de México","Chicago, Illinois",3246399.0,,19.8277305,-99.2037508,41.88325,-87.6323879,2254.439697265625,183.0,,OK,,2026-07-08T14:00:42
"huehuetoca, estado de mexico -> cleburne, texas","Huehuetoca, Estado de México -> Cleburne, Texas","Huehuetoca, Estado de México","Cleburne, Texas",1705660.0,,19.8277305,-99.2037508,32.3476438,-97.3866837,2254.439697265625,234.8162689208984,,OK,,2026-07-08T14:00:44
"huehuetoca, estado de mexico -> garland, texas","Huehuetoca, Estado de México -> Garland, Texas","Huehuetoca, Estado de México","Garland, Texas",1787578.0,,19.8277305,-99.2037508,32.9136363,-96.6364294,2254.439697265625,167.7758331298828,,OK,,2026-07-08T14:00:45
"huehuetoca, estado de mexico -> homerville, georgia","Huehuetoca, Estado de México -> Homerville, Georgia","Huehuetoca, Estado de México","Homerville, Georgia",2863826.0,,19.8277305,-99.2037508,31.0365983,-82.74708489999999,2254.439697265625,55.18247604370117,,OK,,2026-07-08T14:00:47
"huehuetoca, estado de mexico -> ontario, california","Huehuetoca, Estado de México -> Ontario, California","Huehuetoca, Estado de México","Ontario, California",2923042.0,,19.8277305,-99.2037508,34.0645932,-117.6483422,2254.439697265625,304.2350463867188,,OK,,2026-07-08T14:00:48
"huehuetoca, estado de mexico -> santa ana tlachihualpa, hidalgo","Huehuetoca, Estado de México -> Santa Ana Tlachihualpa, Hidalgo","Huehuetoca, Estado de México","Santa Ana Tlachihualpa, Hidalgo",62264.0,,19.8277305,-99.2037508,19.7647447,-98.9099419,2254.439697265625,2405.963623046875,,OK,,2026-07-08T14:00:50
"huehuetoca, estado de mexico -> york, pennsylvania","Huehuetoca, Estado de México -> York, Pennsylvania","Huehuetoca, Estado de México","York, Pennsylvania",3932111.0,,19.8277305,-99.2037508,39.961066,-76.7269596,2254.439697265625,120.6637191772461,,OK,,2026-07-08T14:00:51
"huejotzingo, puebla -> atlacomulco, estado de mexico","Huejotzingo, Puebla -> Atlacomulco, Estado de México","Huejotzingo, Puebla","Atlacomulco, Estado de México",251078.0,,19.1589453,-98.4047163,19.7975581,-99.8766825,2276.782470703125,2572.088134765625,,OK,,2026-07-08T14:00:53
"huejotzingo, puebla -> disputanta, virginia","Huejotzingo, Puebla -> Disputanta, Virginia","Huejotzingo, Puebla","Disputanta, Virginia",3624662.0,,19.1589453,-98.4047163,37.124332,-77.22637399999999,2276.782470703125,36.6969108581543,,OK,,2026-07-08T14:00:54
"huejotzingo, puebla -> huejotzingo, puebla","Huejotzingo, Puebla -> Huejotzingo, Puebla","Huejotzingo, Puebla","Huejotzingo, Puebla",0.0,,19.1589453,-98.4047163,19.1589453,-98.4047163,2276.782470703125,2276.782470703125,,OK,,2026-07-08T14:00:56
"huejotzingo, puebla -> miramar, tamaulipas","Huejotzingo, Puebla -> Miramar, Tamaulipas","Huejotzingo, Puebla","Miramar, Tamaulipas",483580.0,,19.1589453,-98.4047163,22.3416824,-97.8686687,2276.782470703125,10.74896621704102,,OK,,2026-07-08T14:00:58
"huichihuayan, san luis potosi -> queretaro, queretaro","Huichihuayán, San Luis Potosí -> Querétaro, Querétaro","Huichihuayán, San Luis Potosí","Querétaro, Querétaro",286887.0,,21.481824,-98.9675903,20.5887932,-100.3898881,101.6526031494141,1816.216796875,,OK,,2026-07-08T14:00:59
"imperial, california -> mexicali, baja california","Imperial, California -> Mexicali, Baja California","Imperial, California","Mexicali, Baja California",34342.0,,32.8475528,-115.5694391,32.6249284,-115.4435754,-19.85012817382812,5.183290004730225,,OK,,2026-07-08T14:01:01
"indianapolis, indiana -> apodaca, nuevo leon","Indianapolis, Indiana -> Apodaca, Nuevo León","Indianapolis, Indiana","Apodaca, Nuevo León",2358137.0,,39.76909,-86.158018,25.776468,-100.1858743,217.8527069091797,430.6315002441406,,OK,,2026-07-08T14:01:02
"iowa, louisiana -> queretaro, queretaro","Iowa, Louisiana -> Querétaro, Querétaro","Iowa, Louisiana","Querétaro, Querétaro",1653595.0,,30.2368292,-93.01363990000002,20.5887932,-100.3898881,6.77202844619751,1816.216796875,,OK,,2026-07-08T14:01:04
"ixtapaluca, estado de mexico -> muscle shoals, alabama","Ixtapaluca, Estado de México -> Muscle Shoals, Alabama","Ixtapaluca, Estado de México","Muscle Shoals, Alabama",2647281.0,,19.3090538,-98.9079782,34.7448112,-87.66752919999999,2243.81640625,152.7047576904297,,OK,,2026-07-08T14:01:06
"ixtapaluca, estado de mexico -> russellville, kentucky","Ixtapaluca, Estado de México -> Russellville, Kentucky","Ixtapaluca, Estado de México","Russellville, Kentucky",2835154.0,,19.3090538,-98.9079782,36.8453199,-86.887219,2243.81640625,181.8478698730469,,OK,,2026-07-08T14:01:07
"iztapalapa, ciudad de mexico -> guadalupe, nuevo leon","Iztapalapa, Ciudad de México -> Guadalupe, Nuevo León","Iztapalapa, Ciudad de México","Guadalupe, Nuevo León",928655.0,,19.342083,-99.0532159,25.6748291,-100.2155063,2237.341552734375,474.9679870605469,,OK,,2026-07-08T14:01:09
"iztapalapa, ciudad de mexico -> reynosa, tamaulipas","Iztapalapa, Ciudad de México -> Reynosa, Tamaulipas","Iztapalapa, Ciudad de México","Reynosa, Tamaulipas",946757.0,,19.342083,-99.0532159,26.0915309,-98.2777687,2237.341552734375,41.61340713500977,,OK,,2026-07-08T14:01:10
"jessup, maryland -> san luis potosi, san luis potosi","Jessup, Maryland -> San Luis Potosí, San Luis Potosí","Jessup, Maryland","San Luis Potosí, San Luis Potosí",3516257.0,,39.1492746,-76.7752493,22.1520892,-100.9733024,64.33366394042969,1865.477172851562,,OK,,2026-07-08T14:01:12
"jesus maria, jalisco -> ciudad obregon, sonora","Jesús María, Jalisco -> Ciudad Obregón, Sonora","Jesús María, Jalisco","Ciudad Obregón, Sonora",1251841.0,,20.6040529,-102.2236954,27.4827729,-109.930367,2094.7802734375,39.09292984008789,,OK,,2026-07-08T14:01:13
"jesus maria, jalisco -> cuautitlan izcalli, estado de mexico","Jesús María, Jalisco -> Cuautitlán Izcalli, Estado de México","Jesús María, Jalisco","Cuautitlán Izcalli, Estado de México",403923.0,,20.6040529,-102.2236954,19.6528089,-99.2231387,2094.7802734375,2277.62060546875,,OK,,2026-07-08T14:01:15
"jesus maria, jalisco -> queretaro, queretaro","Jesús María, Jalisco -> Querétaro, Querétaro","Jesús María, Jalisco","Querétaro, Querétaro",231371.0,,20.6040529,-102.2236954,20.5887932,-100.3898881,2094.7802734375,1816.216796875,,OK,,2026-07-08T14:01:17
"jesus maria, jalisco -> san nicolas de los garza, nuevo leon","Jesús María, Jalisco -> San Nicolás de los Garza, Nuevo León","Jesús María, Jalisco","San Nicolás de los Garza, Nuevo León",774012.0,,20.6040529,-102.2236954,25.7481625,-100.2844842,2094.7802734375,496.5721130371094,,OK,,2026-07-08T14:01:18
"jesus maria, jalisco -> teoloyucan, estado de mexico","Jesús María, Jalisco -> Teoloyucan, Estado de México","Jesús María, Jalisco","Teoloyucan, Estado de México",400663.0,,20.6040529,-102.2236954,19.7485555,-99.175823,2094.7802734375,2250.02880859375,,OK,,2026-07-08T14:01:20
"jesus maria, jalisco -> tepotzotlan, estado de mexico","Jesús María, Jalisco -> Tepotzotlán, Estado de México","Jesús María, Jalisco","Tepotzotlán, Estado de México",396182.0,,20.6040529,-102.2236954,19.7185096,-99.2065202,2094.7802734375,2255.4853515625,,OK,,2026-07-08T14:01:21
"jesus maria, jalisco -> tijuana, baja california","Jesús María, Jalisco -> Tijuana, Baja California","Jesús María, Jalisco","Tijuana, Baja California",2376536.0,,20.6040529,-102.2236954,32.5331957,-117.0192784,2094.7802734375,22.42227745056152,,OK,,2026-07-08T14:01:23
"jesus maria, jalisco -> tlajomulco de zuniga, jalisco","Jesús María, Jalisco -> Tlajomulco de Zúñiga, Jalisco","Jesús María, Jalisco","Tlajomulco de Zúñiga, Jalisco",176367.0,,20.6040529,-102.2236954,20.4736865,-103.4479314,2094.7802734375,1585.729858398438,,OK,,2026-07-08T14:01:25
"jilotzingo, estado de mexico -> rhome, texas","Jilotzingo, Estado de México -> Rhome, Texas","Jilotzingo, Estado de México","Rhome, Texas",1836045.0,,19.5391919,-99.3969715,33.0534563,-97.4719662,2762.796630859375,285.907470703125,,OK,,2026-07-08T14:01:26
"jonesboro, arkansas -> laredo, texas","Jonesboro, Arkansas -> Laredo, Texas","Jonesboro, Arkansas","Laredo, Texas",1409030.0,,35.835696,-90.7051346,27.5035613,-99.5075519,102.7261428833008,129.2351531982422,,OK,,2026-07-08T14:01:29
"jose azueta, veracruz de ignacio de la llave -> queretaro, queretaro","José Azueta, Veracruz de Ignacio de la Llave -> Querétaro, Querétaro","José Azueta, Veracruz de Ignacio de la Llave","Querétaro, Querétaro",677765.0,,18.0751004,-95.7094023,20.5887932,-100.3898881,26.98177528381348,1816.216796875,,OK,,2026-07-08T14:01:30
"la magdalena tetela morelos, puebla -> muscle shoals, alabama","La Magdalena Tetela Morelos, Puebla -> Muscle Shoals, Alabama","La Magdalena Tetela Morelos, Puebla","Muscle Shoals, Alabama",2651365.0,,19.0556777,-97.9402184,34.7448112,-87.66752919999999,2321.751708984375,152.7047576904297,,OK,,2026-07-08T14:01:32
"la manzanilla de la paz, jalisco -> huejotzingo, puebla","La Manzanilla de la Paz, Jalisco -> Huejotzingo, Puebla","La Manzanilla de la Paz, Jalisco","Huejotzingo, Puebla",667148.0,,20.0053707,-103.1551408,19.1589453,-98.4047163,2062.687255859375,2276.782470703125,,OK,,2026-07-08T14:01:34
"la venta del astillero, jalisco -> san pedro tlaquepaque, jalisco","La Venta del Astillero, Jalisco -> San Pedro Tlaquepaque, Jalisco","La Venta del Astillero, Jalisco","San Pedro Tlaquepaque, Jalisco",30698.0,,20.72564,-103.5462189,20.6025191,-103.3361581,1623.311645507812,1564.796630859375,,OK,,2026-07-08T14:01:36
"lagos de moreno, jalisco -> apodaca, nuevo leon","Lagos de Moreno, Jalisco -> Apodaca, Nuevo León","Lagos de Moreno, Jalisco","Apodaca, Nuevo León",679767.0,,21.3634964,-101.9291015,25.776468,-100.1858743,1917.813598632812,430.6315002441406,,OK,,2026-07-08T14:01:37
"lagos de moreno, jalisco -> huehuetoca, estado de mexico","Lagos de Moreno, Jalisco -> Huehuetoca, Estado de México","Lagos de Moreno, Jalisco","Huehuetoca, Estado de México",368277.0,,21.3634964,-101.9291015,19.8277305,-99.2037508,1917.813598632812,2254.439697265625,,OK,,2026-07-08T14:01:39
"lagos de moreno, jalisco -> markham, ontario","Lagos de Moreno, Jalisco -> Markham, Ontario","Lagos de Moreno, Jalisco","Markham, Ontario",3852617.0,,21.3634964,-101.9291015,43.8599076,-79.3349945,1917.813598632812,183.3915557861328,,OK,,2026-07-08T14:01:41
"laotto, indiana -> huehuetoca, estado de mexico","Laotto, Indiana -> Huehuetoca, Estado de México","Laotto, Indiana","Huehuetoca, Estado de México",3430537.0,,41.2906243,-85.19798569999999,19.8277305,-99.2037508,266.1351928710938,2254.439697265625,,OK,,2026-07-08T14:01:42
"laredo, texas -> aguascalientes, aguascalientes","Laredo, Texas -> Aguascalientes, Aguascalientes","Laredo, Texas","Aguascalientes, Aguascalientes",787121.0,,27.5035613,-99.5075519,21.8852562,-102.2915677,129.2351531982422,1870.779296875,,OK,,2026-07-08T14:01:43
"laredo, texas -> apodaca, nuevo leon","Laredo, Texas -> Apodaca, Nuevo León","Laredo, Texas","Apodaca, Nuevo León",219661.0,,27.5035613,-99.5075519,25.776468,-100.1858743,129.2351531982422,430.6315002441406,,OK,,2026-07-08T14:01:45
"laredo, texas -> arvada, colorado","Laredo, Texas -> Arvada, Colorado","Laredo, Texas","Arvada, Colorado",1708230.0,,27.5035613,-99.5075519,39.8027644,-105.0874842,129.2351531982422,1628.999389648438,,OK,,2026-07-08T14:01:46
"laredo, texas -> asheville, north carolina","Laredo, Texas -> Asheville, North Carolina","Laredo, Texas","Asheville, North Carolina",2100630.0,,27.5035613,-99.5075519,35.5975104,-82.54605629999999,129.2351531982422,666.3577880859375,,OK,,2026-07-08T14:01:48
"laredo, texas -> atlanta, georgia","Laredo, Texas -> Atlanta, Georgia","Laredo, Texas","Atlanta, Georgia",1782704.0,,27.5035613,-99.5075519,33.7501275,-84.3885209,129.2351531982422,317.6960754394531,,OK,,2026-07-08T14:01:49
"laredo, texas -> azcapotzalco, ciudad de mexico","Laredo, Texas -> Azcapotzalco, Ciudad de México","Laredo, Texas","Azcapotzalco, Ciudad de México",1108713.0,,27.5035613,-99.5075519,19.4846606,-99.1886749,129.2351531982422,2247.478759765625,,OK,,2026-07-08T14:01:50
"laredo, texas -> blakely, georgia","Laredo, Texas -> Blakely, Georgia","Laredo, Texas","Blakely, Georgia",1623577.0,,27.5035613,-99.5075519,31.3776754,-84.93409199999999,129.2351531982422,80.59237670898438,,OK,,2026-07-08T14:01:52
"laredo, texas -> brevard, north carolina","Laredo, Texas -> Brevard, North Carolina","Laredo, Texas","Brevard, North Carolina",2052124.0,,27.5035613,-99.5075519,35.2334472,-82.7342919,129.2351531982422,678.201904296875,,OK,,2026-07-08T14:01:54
"laredo, texas -> brighton, colorado","Laredo, Texas -> Brighton, Colorado","Laredo, Texas","Brighton, Colorado",1696905.0,,27.5035613,-99.5075519,39.9852617,-104.8205283,129.2351531982422,1519.07470703125,,OK,,2026-07-08T14:01:56
"laredo, texas -> brookshire, texas","Laredo, Texas -> Brookshire, Texas","Laredo, Texas","Brookshire, Texas",505871.0,,27.5035613,-99.5075519,29.7860643,-95.9510661,129.2351531982422,51.18931579589844,,OK,,2026-07-08T14:01:57
"laredo, texas -> brownstown, indiana","Laredo, Texas -> Brownstown, Indiana","Laredo, Texas","Brownstown, Indiana",2107127.0,,27.5035613,-99.5075519,38.87894259999999,-86.0419247,129.2351531982422,189.7828216552734,,OK,,2026-07-08T14:01:59
"laredo, texas -> calhoun, georgia","Laredo, Texas -> Calhoun, Georgia","Laredo, Texas","Calhoun, Georgia",1806083.0,,27.5035613,-99.5075519,34.502587,-84.9510542,129.2351531982422,201.7183990478516,,OK,,2026-07-08T14:02:00
"laredo, texas -> candler, north carolina","Laredo, Texas -> Candler, North Carolina","Laredo, Texas","Candler, North Carolina",2083997.0,,27.5035613,-99.5075519,35.5360973,-82.69273629999999,129.2351531982422,639.3403930664062,,OK,,2026-07-08T14:02:02
"laredo, texas -> ciudad de mexico, ciudad de mexico","Laredo, Texas -> Ciudad de México, Ciudad de México","Laredo, Texas","Ciudad de México, Ciudad de México",1120320.0,,27.5035613,-99.5075519,19.4326077,-99.133208,129.2351531982422,2229.72216796875,,OK,,2026-07-08T14:02:03
"laredo, texas -> clever, missouri","Laredo, Texas -> Clever, Missouri","Laredo, Texas","Clever, Missouri",1351432.0,,27.5035613,-99.5075519,37.0303327,-93.4729712,129.2351531982422,426.607421875,,OK,,2026-07-08T14:02:05
"laredo, texas -> cuautitlan izcalli, estado de mexico","Laredo, Texas -> Cuautitlán Izcalli, Estado de México","Laredo, Texas","Cuautitlán Izcalli, Estado de México",1088011.0,,27.5035613,-99.5075519,19.6528089,-99.2231387,129.2351531982422,2277.62060546875,,OK,,2026-07-08T14:02:06
"laredo, texas -> cuautitlan, estado de mexico","Laredo, Texas -> Cuautitlán, Estado de México","Laredo, Texas","Cuautitlán, Estado de México",1090887.0,,27.5035613,-99.5075519,19.6695008,-99.1655054,129.2351531982422,2248.847412109375,,OK,,2026-07-08T14:02:09
"laredo, texas -> dothan, alabama","Laredo, Texas -> Dothan, Alabama","Laredo, Texas","Dothan, Alabama",1565899.0,,27.5035613,-99.5075519,31.2233594,-85.389326,129.2351531982422,97.41592407226562,,OK,,2026-07-08T14:02:11
"laredo, texas -> el salto, jalisco","Laredo, Texas -> El Salto, Jalisco","Laredo, Texas","El Salto, Jalisco",1012557.0,,27.5035613,-99.5075519,20.5178271,-103.1826862,129.2351531982422,1527.1181640625,,OK,,2026-07-08T14:02:12
"laredo, texas -> ensenada, baja california","Laredo, Texas -> Ensenada, Baja California","Laredo, Texas","Ensenada, Baja California",2190475.0,,27.5035613,-99.5075519,31.8557021,-116.6057392,129.2351531982422,14.35856151580811,,OK,,2026-07-08T14:02:13
"laredo, texas -> evansville, indiana","Laredo, Texas -> Evansville, Indiana","Laredo, Texas","Evansville, Indiana",1874191.0,,27.5035613,-99.5075519,37.9715592,-87.5710898,129.2351531982422,118.2612609863281,,OK,,2026-07-08T14:02:15
"laredo, texas -> franklin park, illinois","Laredo, Texas -> Franklin Park, Illinois","Laredo, Texas","Franklin Park, Illinois",2176520.0,,27.5035613,-99.5075519,41.9348537,-87.87952299999999,129.2351531982422,194.9474182128906,,OK,,2026-07-08T14:02:16
"laredo, texas -> georgetown, texas","Laredo, Texas -> Georgetown, Texas","Laredo, Texas","Georgetown, Texas",422449.0,,27.5035613,-99.5075519,30.6332618,-97.6779842,129.2351531982422,229.6457214355469,,OK,,2026-07-08T14:02:18
"laredo, texas -> goodyear, arizona","Laredo, Texas -> Goodyear, Arizona","Laredo, Texas","Goodyear, Arizona",1694773.0,,27.5035613,-99.5075519,33.4353394,-112.3576567,129.2351531982422,294.1314697265625,,OK,,2026-07-08T14:02:19
"laredo, texas -> green river, wyoming","Laredo, Texas -> Green River, Wyoming","Laredo, Texas","Green River, Wyoming",2258030.0,,27.5035613,-99.5075519,41.5294083,-109.4655283,129.2351531982422,1868.542358398438,,OK,,2026-07-08T14:02:21
"laredo, texas -> greenville, texas","Laredo, Texas -> Greenville, Texas","Laredo, Texas","Greenville, Texas",776504.0,,27.5035613,-99.5075519,33.1398034,-96.1072021,129.2351531982422,166.1264953613281,,OK,,2026-07-08T14:02:22
"laredo, texas -> grove city, ohio","Laredo, Texas -> Grove City, Ohio","Laredo, Texas","Grove City, Ohio",2349223.0,,27.5035613,-99.5075519,39.8821935,-83.0935377,129.2351531982422,258.3214721679688,,OK,,2026-07-08T14:02:24
"laredo, texas -> guadalupe, nuevo leon","Laredo, Texas -> Guadalupe, Nuevo León","Laredo, Texas","Guadalupe, Nuevo León",232332.0,,27.5035613,-99.5075519,25.6748291,-100.2155063,129.2351531982422,474.9679870605469,,OK,,2026-07-08T14:02:25
"laredo, texas -> high point, north carolina","Laredo, Texas -> High Point, North Carolina","Laredo, Texas","High Point, North Carolina",2291889.0,,27.5035613,-99.5075519,35.9556923,-80.0053176,129.2351531982422,281.1091918945312,,OK,,2026-07-08T14:02:27
"laredo, texas -> houston, texas","Laredo, Texas -> Houston, Texas","Laredo, Texas","Houston, Texas",506883.0,,27.5035613,-99.5075519,29.7600771,-95.3701108,129.2351531982422,14.59099960327148,,OK,,2026-07-08T14:02:28
"laredo, texas -> huehuetoca, estado de mexico","Laredo, Texas -> Huehuetoca, Estado de México","Laredo, Texas","Huehuetoca, Estado de México",1070578.0,,27.5035613,-99.5075519,19.8277305,-99.2037508,129.2351531982422,2254.439697265625,,OK,,2026-07-08T14:02:30
"laredo, texas -> irapuato, guanajuato","Laredo, Texas -> Irapuato, Guanajuato","Laredo, Texas","Irapuato, Guanajuato",913732.0,,27.5035613,-99.5075519,20.6781291,-101.3547266,129.2351531982422,1721.492065429688,,OK,,2026-07-08T14:02:32
"laredo, texas -> ixtaczoquitlan, veracruz de ignacio de la llave","Laredo, Texas -> Ixtaczoquitlán, Veracruz de Ignacio de la Llave","Laredo, Texas","Ixtaczoquitlán, Veracruz de Ignacio de la Llave",1283544.0,,27.5035613,-99.5075519,18.8608694,-97.063289,129.2351531982422,1144.52880859375,,OK,,2026-07-08T14:02:33
"laredo, texas -> kingfisher, oklahoma","Laredo, Texas -> Kingfisher, Oklahoma","Laredo, Texas","Kingfisher, Oklahoma",1080213.0,,27.5035613,-99.5075519,35.861432,-97.9317203,129.2351531982422,320.9417419433594,,OK,,2026-07-08T14:02:35
"laredo, texas -> laredo, texas","Laredo, Texas -> Laredo, Texas","Laredo, Texas","Laredo, Texas",0.0,,27.5035613,-99.5075519,27.5035613,-99.5075519,129.2351531982422,129.2351531982422,,OK,,2026-07-08T14:02:36
"laredo, texas -> lerma, estado de mexico","Laredo, Texas -> Lerma, Estado de México","Laredo, Texas","Lerma, Estado de México",1122358.0,,27.5035613,-99.5075519,19.2913424,-99.5244687,129.2351531982422,2568.7001953125,,OK,,2026-07-08T14:02:38
"laredo, texas -> little rock, arkansas","Laredo, Texas -> Little Rock, Arkansas","Laredo, Texas","Little Rock, Arkansas",1203634.0,,27.5035613,-99.5075519,34.7428286,-92.2762904,129.2351531982422,90.5478744506836,,OK,,2026-07-08T14:02:39
"laredo, texas -> livermore, california","Laredo, Texas -> Livermore, California","Laredo, Texas","Livermore, California",2804977.0,,27.5035613,-99.5075519,37.6818688,-121.7684732,129.2351531982422,149.5554351806641,,OK,,2026-07-08T14:02:41
"laredo, texas -> madison, kansas","Laredo, Texas -> Madison, Kansas","Laredo, Texas","Madison, Kansas",1386943.0,,27.5035613,-99.5075519,38.1355772,-96.135829,129.2351531982422,334.2565612792969,,OK,,2026-07-08T14:02:42
"laredo, texas -> malibu, california","Laredo, Texas -> Malibu, California","Laredo, Texas","Malibu, California",2309057.0,,27.5035613,-99.5075519,34.0380585,-118.6923438,129.2351531982422,15.07584762573242,,OK,,2026-07-08T14:02:44
"laredo, texas -> mcallen, texas","Laredo, Texas -> McAllen, Texas","Laredo, Texas","McAllen, Texas",234779.0,,27.5035613,-99.5075519,26.2034071,-98.2300124,129.2351531982422,37.85282135009766,,OK,,2026-07-08T14:02:46
"laredo, texas -> mesquite, texas","Laredo, Texas -> Mesquite, Texas","Laredo, Texas","Mesquite, Texas",704780.0,,27.5035613,-99.5075519,32.76679550000001,-96.5991593,129.2351531982422,152.9338684082031,,OK,,2026-07-08T14:02:47
"laredo, texas -> montebello, california","Laredo, Texas -> Montebello, California","Laredo, Texas","Montebello, California",2254210.0,,27.5035613,-99.5075519,34.019321,-118.116076,129.2351531982422,73.52619171142578,,OK,,2026-07-08T14:02:48
"laredo, texas -> mount olive, mississippi","Laredo, Texas -> Mount Olive, Mississippi","Laredo, Texas","Mount Olive, Mississippi",1217328.0,,27.5035613,-99.5075519,31.7611592,-89.65502090000001,129.2351531982422,101.7311782836914,,OK,,2026-07-08T14:02:50
"laredo, texas -> naucalpan de juarez, estado de mexico","Laredo, Texas -> Naucalpan de Juárez, Estado de México","Laredo, Texas","Naucalpan de Juárez, Estado de México",1108014.0,,27.5035613,-99.5075519,19.4737133,-99.2336657,129.2351531982422,2266.69775390625,,OK,,2026-07-08T14:02:51
"laredo, texas -> new richmond, wisconsin","Laredo, Texas -> New Richmond, Wisconsin","Laredo, Texas","New Richmond, Wisconsin",2323285.0,,27.5035613,-99.5075519,45.1230213,-92.5365865,129.2351531982422,299.2952270507812,,OK,,2026-07-08T14:02:53
"laredo, texas -> newark, california","Laredo, Texas -> Newark, California","Laredo, Texas","Newark, California",2833690.0,,27.5035613,-99.5075519,37.5299765,-122.0383968,129.2351531982422,5.915080547332764,,OK,,2026-07-08T14:02:54
"laredo, texas -> oklahoma city, oklahoma","Laredo, Texas -> Oklahoma City, Oklahoma","Laredo, Texas","Oklahoma City, Oklahoma",1001887.0,,27.5035613,-99.5075519,35.4688692,-97.519539,129.2351531982422,364.57568359375,,OK,,2026-07-08T14:02:56
"laredo, texas -> queretaro, queretaro","Laredo, Texas -> Querétaro, Querétaro","Laredo, Texas","Querétaro, Querétaro",921276.0,,27.5035613,-99.5075519,20.5887932,-100.3898881,129.2351531982422,1816.216796875,,OK,,2026-07-08T14:02:57
"laredo, texas -> red oak, texas","Laredo, Texas -> Red Oak, Texas","Laredo, Texas","Red Oak, Texas",663342.0,,27.5035613,-99.5075519,32.5332101,-96.8153,129.2351531982422,193.8351287841797,,OK,,2026-07-08T14:02:59
"laredo, texas -> robesonia, pennsylvania","Laredo, Texas -> Robesonia, Pennsylvania","Laredo, Texas","Robesonia, Pennsylvania",2933737.0,,27.5035613,-99.5075519,40.3517591,-76.134389,129.2351531982422,127.5996017456055,,OK,,2026-07-08T14:03:00
"laredo, texas -> romeoville, illinois","Laredo, Texas -> Romeoville, Illinois","Laredo, Texas","Romeoville, Illinois",2132619.0,,27.5035613,-99.5075519,41.6475306,-88.0895061,129.2351531982422,188.7398834228516,,OK,,2026-07-08T14:03:02
"laredo, texas -> sacramento, california","Laredo, Texas -> Sacramento, California","Laredo, Texas","Sacramento, California",2876974.0,,27.5035613,-99.5075519,38.5781342,-121.4944209,129.2351531982422,6.442596912384033,,OK,,2026-07-08T14:03:03
"laredo, texas -> san andres tuxtla, veracruz de ignacio de la llave","Laredo, Texas -> San Andrés Tuxtla, Veracruz de Ignacio de la Llave","Laredo, Texas","San Andrés Tuxtla, Veracruz de Ignacio de la Llave",1311000.0,,27.5035613,-99.5075519,18.4441222,-95.2130284,129.2351531982422,282.1607360839844,,OK,,2026-07-08T14:03:05
"laredo, texas -> san francisco de los romo, aguascalientes","Laredo, Texas -> San Francisco de los Romo, Aguascalientes","Laredo, Texas","San Francisco de los Romo, Aguascalientes",764877.0,,27.5035613,-99.5075519,22.0750146,-102.2734393,129.2351531982422,1888.998901367188,,OK,,2026-07-08T14:03:06
"laredo, texas -> san francisco del rincon, guanajuato","Laredo, Texas -> San Francisco del Rincón, Guanajuato","Laredo, Texas","San Francisco del Rincón, Guanajuato",930015.0,,27.5035613,-99.5075519,21.0170828,-101.8492577,129.2351531982422,1757.181274414062,,OK,,2026-07-08T14:03:08
"laredo, texas -> san jose iturbide, guanajuato","Laredo, Texas -> San José Iturbide, Guanajuato","Laredo, Texas","San José Iturbide, Guanajuato",877248.0,,27.5035613,-99.5075519,20.9996535,-100.3854458,129.2351531982422,2104.200439453125,,OK,,2026-07-08T14:03:09
"laredo, texas -> san luis potosi, san luis potosi","Laredo, Texas -> San Luis Potosí, San Luis Potosí","Laredo, Texas","San Luis Potosí, San Luis Potosí",727178.0,,27.5035613,-99.5075519,22.1520892,-100.9733024,129.2351531982422,1865.477172851562,,OK,,2026-07-08T14:03:10
"laredo, texas -> san marcos, texas","Laredo, Texas -> San Marcos, Texas","Laredo, Texas","San Marcos, Texas",331134.0,,27.5035613,-99.5075519,29.8832749,-97.9413941,129.2351531982422,189.8126220703125,,OK,,2026-07-08T14:03:12
"laredo, texas -> san mateo atenco, estado de mexico","Laredo, Texas -> San Mateo Atenco, Estado de México","Laredo, Texas","San Mateo Atenco, Estado de México",1124290.0,,27.5035613,-99.5075519,19.2617638,-99.5324078,129.2351531982422,2576.600830078125,,OK,,2026-07-08T14:03:13
"laredo, texas -> san nicolas tlazala, estado de mexico","Laredo, Texas -> San Nicolás Tlazala, Estado de México","Laredo, Texas","San Nicolás Tlazala, Estado de México",1131137.0,,27.5035613,-99.5075519,19.2258642,-99.4606511,129.2351531982422,2587.596435546875,,OK,,2026-07-08T14:03:14
"laredo, texas -> san pedro tlaquepaque, jalisco","Laredo, Texas -> San Pedro Tlaquepaque, Jalisco","Laredo, Texas","San Pedro Tlaquepaque, Jalisco",1018789.0,,27.5035613,-99.5075519,20.6025191,-103.3361581,129.2351531982422,1564.796630859375,,OK,,2026-07-08T14:03:16
"laredo, texas -> schoolcraft, michigan","Laredo, Texas -> Schoolcraft, Michigan","Laredo, Texas","Schoolcraft, Michigan",2430502.0,,27.5035613,-99.5075519,42.11421070000001,-85.63777759999999,129.2351531982422,267.5148315429688,,OK,,2026-07-08T14:03:17
"laredo, texas -> sebastopol, california","Laredo, Texas -> Sebastopol, California","Laredo, Texas","Sebastopol, California",2948477.0,,27.5035613,-99.5075519,38.4021359,-122.8238806,129.2351531982422,26.63466644287109,,OK,,2026-07-08T14:03:19
"laredo, texas -> south mills, north carolina","Laredo, Texas -> South Mills, North Carolina","Laredo, Texas","South Mills, North Carolina",2715359.0,,27.5035613,-99.5075519,36.4458161,-76.32744970000002,129.2351531982422,2.037562608718872,,OK,,2026-07-08T14:03:21
"laredo, texas -> tepatitlan de morelos, jalisco","Laredo, Texas -> Tepatitlán de Morelos, Jalisco","Laredo, Texas","Tepatitlán de Morelos, Jalisco",955367.0,,27.5035613,-99.5075519,20.8098057,-102.7652326,129.2351531982422,1793.47119140625,,OK,,2026-07-08T14:03:22
"laredo, texas -> tepeji del rio de ocampo, hidalgo","Laredo, Texas -> Tepeji del Río de Ocampo, Hidalgo","Laredo, Texas","Tepeji del Río de Ocampo, Hidalgo",1052909.0,,27.5035613,-99.5075519,19.9049725,-99.3423037,129.2351531982422,2140.3046875,,OK,,2026-07-08T14:03:24
"laredo, texas -> tepotzotlan, estado de mexico","Laredo, Texas -> Tepotzotlán, Estado de México","Laredo, Texas","Tepotzotlán, Estado de México",1080270.0,,27.5035613,-99.5075519,19.7185096,-99.2065202,129.2351531982422,2255.4853515625,,OK,,2026-07-08T14:03:26
"laredo, texas -> tlalnepantla, estado de mexico","Laredo, Texas -> Tlalnepantla, Estado de México","Laredo, Texas","Tlalnepantla, Estado de México",1100487.0,,27.5035613,-99.5075519,19.5360618,-99.1968306,129.2351531982422,2253.70654296875,,OK,,2026-07-08T14:03:27
"laredo, texas -> toluca, estado de mexico","Laredo, Texas -> Toluca, Estado de México","Laredo, Texas","Toluca, Estado de México",1103571.0,,27.5035613,-99.5075519,19.2826098,-99.6556653,129.2351531982422,2670.009765625,,OK,,2026-07-08T14:03:29
"laredo, texas -> tonawanda, new york","Laredo, Texas -> Tonawanda, New York","Laredo, Texas","Tonawanda, New York",2909262.0,,27.5035613,-99.5075519,43.0203347,-78.880315,129.2351531982422,174.7554016113281,,OK,,2026-07-08T14:03:30
"laredo, texas -> torreon, coahuila de zaragoza","Laredo, Texas -> Torreón, Coahuila de Zaragoza","Laredo, Texas","Torreón, Coahuila de Zaragoza",547147.0,,27.5035613,-99.5075519,25.5428443,-103.4067861,129.2351531982422,1128.250122070312,,OK,,2026-07-08T14:03:31
"laredo, texas -> tultepec, estado de mexico","Laredo, Texas -> Tultepec, Estado de México","Laredo, Texas","Tultepec, Estado de México",1094133.0,,27.5035613,-99.5075519,19.6860054,-99.1260866,129.2351531982422,2249.831298828125,,OK,,2026-07-08T14:03:33
"laredo, texas -> tultitlan, estado de mexico","Laredo, Texas -> Tultitlán, Estado de México","Laredo, Texas","Tultitlán, Estado de México",1093576.0,,27.5035613,-99.5075519,19.6392125,-99.1668646,129.2351531982422,2246.053955078125,,OK,,2026-07-08T14:03:35
"laredo, texas -> uruapan, michoacan de ocampo","Laredo, Texas -> Uruapan, Michoacán de Ocampo","Laredo, Texas","Uruapan, Michoacán de Ocampo",1144579.0,,27.5035613,-99.5075519,19.4064492,-102.0430476,129.2351531982422,1608.788330078125,,OK,,2026-07-08T14:03:37
"laredo, texas -> west columbia, south carolina","Laredo, Texas -> West Columbia, South Carolina","Laredo, Texas","West Columbia, South Carolina",2111083.0,,27.5035613,-99.5075519,33.9934867,-81.0739825,129.2351531982422,87.6112289428711,,OK,,2026-07-08T14:03:38
"laredo, texas -> zamora, michoacan de ocampo","Laredo, Texas -> Zamora, Michoacán de Ocampo","Laredo, Texas","Zamora, Michoacán de Ocampo",1051935.0,,27.5035613,-99.5075519,19.9901766,-102.2834075,129.2351531982422,1565.5,,OK,,2026-07-08T14:03:40
"laredo, texas -> zapopan, jalisco","Laredo, Texas -> Zapopan, Jalisco","Laredo, Texas","Zapopan, Jalisco",1027266.0,,27.5035613,-99.5075519,20.6719563,-103.416501,129.2351531982422,1629.765258789062,,OK,,2026-07-08T14:03:41
"las jaras san nicolas, estado de mexico -> russellville, kentucky","Las Jaras San Nicolás, Estado de México -> Russellville, Kentucky","Las Jaras San Nicolás, Estado de México","Russellville, Kentucky",2928725.0,,19.4738888,-99.6658333,36.8453199,-86.887219,2586.502197265625,181.8478698730469,,OK,,2026-07-08T14:03:43
"las vegas, nevada -> laredo, texas","Las Vegas, Nevada -> Laredo, Texas","Las Vegas, Nevada","Laredo, Texas",2146473.0,,36.171563,-115.1391009,27.5035613,-99.5075519,611.1660766601562,129.2351531982422,,OK,,2026-07-08T14:03:44
"lazaro cardenas, michoacan de ocampo -> coatzacoalcos, veracruz de ignacio de la llave","Lázaro Cárdenas, Michoacán de Ocampo -> Coatzacoalcos, Veracruz de Ignacio de la Llave","Lázaro Cárdenas, Michoacán de Ocampo","Coatzacoalcos, Veracruz de Ignacio de la Llave",1197963.0,,17.9567646,-102.1943485,18.1497687,-94.418581,8.395659446716309,10.80218410491943,,OK,,2026-07-08T14:03:46
"lazaro cardenas, michoacan de ocampo -> cuautitlan, estado de mexico","Lázaro Cárdenas, Michoacán de Ocampo -> Cuautitlán, Estado de México","Lázaro Cárdenas, Michoacán de Ocampo","Cuautitlán, Estado de México",586220.0,,17.9567646,-102.1943485,19.6695008,-99.1655054,8.395659446716309,2248.847412109375,,OK,,2026-07-08T14:03:49
"lazaro cardenas, michoacan de ocampo -> culiacan, sinaloa","Lázaro Cárdenas, Michoacán de Ocampo -> Culiacán, Sinaloa","Lázaro Cárdenas, Michoacán de Ocampo","Culiacán, Sinaloa",1175965.0,,17.9567646,-102.1943485,24.8090649,-107.3940117,8.395659446716309,44.73824691772461,,OK,,2026-07-08T14:03:51
"lazaro cardenas, michoacan de ocampo -> lagos de moreno, jalisco","Lázaro Cárdenas, Michoacán de Ocampo -> Lagos de Moreno, Jalisco","Lázaro Cárdenas, Michoacán de Ocampo","Lagos de Moreno, Jalisco",547614.0,,17.9567646,-102.1943485,21.3634964,-101.9291015,8.395659446716309,1917.813598632812,,OK,,2026-07-08T14:03:53
"lazaro cardenas, michoacan de ocampo -> lerma, estado de mexico","Lázaro Cárdenas, Michoacán de Ocampo -> Lerma, Estado de México","Lázaro Cárdenas, Michoacán de Ocampo","Lerma, Estado de México",560162.0,,17.9567646,-102.1943485,19.2913424,-99.5244687,8.395659446716309,2568.7001953125,,OK,,2026-07-08T14:03:55
"lazaro cardenas, michoacan de ocampo -> pachuca de soto, hidalgo","Lázaro Cárdenas, Michoacán de Ocampo -> Pachuca de Soto, Hidalgo","Lázaro Cárdenas, Michoacán de Ocampo","Pachuca de Soto, Hidalgo",626114.0,,17.9567646,-102.1943485,20.1010608,-98.7591311,8.395659446716309,2381.79736328125,,OK,,2026-07-08T14:03:57
"lazaro cardenas, michoacan de ocampo -> puebla, puebla","Lázaro Cárdenas, Michoacán de Ocampo -> Puebla, Puebla","Lázaro Cárdenas, Michoacán de Ocampo","Puebla, Puebla",737642.0,,17.9567646,-102.1943485,19.0414398,-98.2062727,8.395659446716309,2147.357421875,,OK,,2026-07-08T14:04:00
"lazaro cardenas, michoacan de ocampo -> tepotzotlan, estado de mexico","Lázaro Cárdenas, Michoacán de Ocampo -> Tepotzotlán, Estado de México","Lázaro Cárdenas, Michoacán de Ocampo","Tepotzotlán, Estado de México",575603.0,,17.9567646,-102.1943485,19.7185096,-99.2065202,8.395659446716309,2255.4853515625,,OK,,2026-07-08T14:04:02
"lazaro cardenas, michoacan de ocampo -> tlalnepantla, estado de mexico","Lázaro Cárdenas, Michoacán de Ocampo -> Tlalnepantla, Estado de México","Lázaro Cárdenas, Michoacán de Ocampo","Tlalnepantla, Estado de México",595820.0,,17.9567646,-102.1943485,19.5360618,-99.1968306,8.395659446716309,2253.70654296875,,OK,,2026-07-08T14:04:05
"lazaro cardenas, michoacan de ocampo -> toluca, estado de mexico","Lázaro Cárdenas, Michoacán de Ocampo -> Toluca, Estado de México","Lázaro Cárdenas, Michoacán de Ocampo","Toluca, Estado de México",541375.0,,17.9567646,-102.1943485,19.2826098,-99.6556653,8.395659446716309,2670.009765625,,OK,,2026-07-08T14:04:06
"lazaro cardenas, michoacan de ocampo -> tultitlan, estado de mexico","Lázaro Cárdenas, Michoacán de Ocampo -> Tultitlán, Estado de México","Lázaro Cárdenas, Michoacán de Ocampo","Tultitlán, Estado de México",588910.0,,17.9567646,-102.1943485,19.6392125,-99.1668646,8.395659446716309,2246.053955078125,,OK,,2026-07-08T14:04:08
"lazaro cardenas, michoacan de ocampo -> veracruz, veracruz de ignacio de la llave","Lázaro Cárdenas, Michoacán de Ocampo -> Veracruz, Veracruz de Ignacio de la Llave","Lázaro Cárdenas, Michoacán de Ocampo","Veracruz, Veracruz de Ignacio de la Llave",999894.0,,17.9567646,-102.1943485,19.173773,-96.1342241,8.395659446716309,4.375808238983154,,OK,,2026-07-08T14:04:09
"leon, guanajuato -> mexicali, baja california","León, Guanajuato -> Mexicali, Baja California","León, Guanajuato","Mexicali, Baja California",2268779.0,,21.1250077,-101.6859605,32.6249284,-115.4435754,1804.703125,5.183290004730225,,OK,,2026-07-08T14:04:11
"leon, guanajuato -> queretaro, queretaro","León, Guanajuato -> Querétaro, Querétaro","León, Guanajuato","Querétaro, Querétaro",172183.0,,21.1250077,-101.6859605,20.5887932,-100.3898881,1804.703125,1816.216796875,,OK,,2026-07-08T14:04:13
"leon, guanajuato -> reynosa, tamaulipas","León, Guanajuato -> Reynosa, Tamaulipas","León, Guanajuato","Reynosa, Tamaulipas",841540.0,,21.1250077,-101.6859605,26.0915309,-98.2777687,1804.703125,41.61340713500977,,OK,,2026-07-08T14:04:14
"leon, guanajuato -> tijuana, baja california","León, Guanajuato -> Tijuana, Baja California","León, Guanajuato","Tijuana, Baja California",2580067.0,,21.1250077,-101.6859605,32.5331957,-117.0192784,1804.703125,22.42227745056152,,OK,,2026-07-08T14:04:15
"lerma, estado de mexico -> aguascalientes, aguascalientes","Lerma, Estado de México -> Aguascalientes, Aguascalientes","Lerma, Estado de México","Aguascalientes, Aguascalientes",490870.0,,19.2913424,-99.5244687,21.8852562,-102.2915677,2568.7001953125,1870.779296875,,OK,,2026-07-08T14:04:17
"lerma, estado de mexico -> apodaca, nuevo leon","Lerma, Estado de México -> Apodaca, Nuevo León","Lerma, Estado de México","Apodaca, Nuevo León",926296.0,,19.2913424,-99.5244687,25.776468,-100.1858743,2568.7001953125,430.6315002441406,,OK,,2026-07-08T14:04:18
"lerma, estado de mexico -> atizapan, estado de mexico","Lerma, Estado de México -> Atizapán, Estado de México","Lerma, Estado de México","Atizapán, Estado de México",57156.0,,19.2913424,-99.5244687,19.5562275,-99.2674713,2568.7001953125,2324.26806640625,,OK,,2026-07-08T14:04:20
"lerma, estado de mexico -> fort wayne, indiana","Lerma, Estado de México -> Fort Wayne, Indiana","Lerma, Estado de México","Fort Wayne, Indiana",3457986.0,,19.2913424,-99.5244687,41.0794759,-85.1362929,2568.7001953125,234.5896911621094,,OK,,2026-07-08T14:04:21
"lerma, estado de mexico -> jocotitlan, estado de mexico","Lerma, Estado de México -> Jocotitlán, Estado de México","Lerma, Estado de México","Jocotitlán, Estado de México",71591.0,,19.2913424,-99.5244687,19.7075577,-99.7883967,2568.7001953125,2645.92919921875,,OK,,2026-07-08T14:04:23
"lerma, estado de mexico -> san luis potosi, san luis potosi","Lerma, Estado de México -> San Luis Potosí, San Luis Potosí","Lerma, Estado de México","San Luis Potosí, San Luis Potosí",407587.0,,19.2913424,-99.5244687,22.1520892,-100.9733024,2568.7001953125,1865.477172851562,,OK,,2026-07-08T14:04:24
"lerma, estado de mexico -> zapopan, jalisco","Lerma, Estado de México -> Zapopan, Jalisco","Lerma, Estado de México","Zapopan, Jalisco",496874.0,,19.2913424,-99.5244687,20.6719563,-103.416501,2568.7001953125,1629.765258789062,,OK,,2026-07-08T14:04:26
"livermore, california -> apodaca, nuevo leon","Livermore, California -> Apodaca, Nuevo León","Livermore, California","Apodaca, Nuevo León",2993584.0,,37.6818688,-121.7684732,25.776468,-100.1858743,149.5554351806641,430.6315002441406,,OK,,2026-07-08T14:04:27
"livermore, california -> pesqueria, nuevo leon","Livermore, California -> Pesquería, Nuevo León","Livermore, California","Pesquería, Nuevo León",3005953.0,,37.6818688,-121.7684732,25.7917265,-100.0485536,149.5554351806641,331.6014709472656,,OK,,2026-07-08T14:04:29
"london, ontario -> apodaca, nuevo leon","London, Ontario -> Apodaca, Nuevo León","London, Ontario","Apodaca, Nuevo León",3028728.0,,42.9849233,-81.2452768,25.776468,-100.1858743,247.9856872558594,430.6315002441406,,OK,,2026-07-08T14:04:30
"london, ontario -> san luis potosi, san luis potosi","London, Ontario -> San Luis Potosí, San Luis Potosí","London, Ontario","San Luis Potosí, San Luis Potosí",3536245.0,,42.9849233,-81.2452768,22.1520892,-100.9733024,247.9856872558594,1865.477172851562,,OK,,2026-07-08T14:04:31
"los angeles, california -> laredo, texas","Los Angeles, California -> Laredo, Texas","Los Angeles, California","Laredo, Texas",2261298.0,,34.0549076,-118.242643,27.5035613,-99.5075519,95.03137969970705,129.2351531982422,,OK,,2026-07-08T14:04:33
"los angeles, california -> mexicali, baja california","Los Angeles, California -> Mexicali, Baja California","Los Angeles, California","Mexicali, Baja California",378148.0,,34.0549076,-118.242643,32.6249284,-115.4435754,95.03137969970705,5.183290004730225,,OK,,2026-07-08T14:04:34
"los mochis, sinaloa -> celaya, guanajuato","Los Mochis, Sinaloa -> Celaya, Guanajuato","Los Mochis, Sinaloa","Celaya, Guanajuato",1193500.0,,25.7904657,-108.985882,20.5279612,-100.8112885,13.88380432128906,1759.49169921875,,OK,,2026-07-08T14:04:35
"los mochis, sinaloa -> ciudad de mexico, ciudad de mexico","Los Mochis, Sinaloa -> Ciudad de México, Ciudad de México","Los Mochis, Sinaloa","Ciudad de México, Ciudad de México",1420226.0,,25.7904657,-108.985882,19.4326077,-99.133208,13.88380432128906,2229.72216796875,,OK,,2026-07-08T14:04:37
"los mochis, sinaloa -> ciudad obregon, sonora","Los Mochis, Sinaloa -> Ciudad Obregón, Sonora","Los Mochis, Sinaloa","Ciudad Obregón, Sonora",232077.0,,25.7904657,-108.985882,27.4827729,-109.930367,13.88380432128906,39.09292984008789,,OK,,2026-07-08T14:04:39
"los mochis, sinaloa -> ecatepec de morelos, estado de mexico","Los Mochis, Sinaloa -> Ecatepec de Morelos, Estado de México","Los Mochis, Sinaloa","Ecatepec de Morelos, Estado de México",1406007.0,,25.7904657,-108.985882,19.5671142,-99.0445193,13.88380432128906,2238.889404296875,,OK,,2026-07-08T14:04:40
"los mochis, sinaloa -> el salto, jalisco","Los Mochis, Sinaloa -> El Salto, Jalisco","Los Mochis, Sinaloa","El Salto, Jalisco",904098.0,,25.7904657,-108.985882,20.5178271,-103.1826862,13.88380432128906,1527.1181640625,,OK,,2026-07-08T14:04:41
"los mochis, sinaloa -> lerma, estado de mexico","Los Mochis, Sinaloa -> Lerma, Estado de México","Los Mochis, Sinaloa","Lerma, Estado de México",1364734.0,,25.7904657,-108.985882,19.2913424,-99.5244687,13.88380432128906,2568.7001953125,,OK,,2026-07-08T14:04:43
"los mochis, sinaloa -> queretaro, queretaro","Los Mochis, Sinaloa -> Querétaro, Querétaro","Los Mochis, Sinaloa","Querétaro, Querétaro",1237073.0,,25.7904657,-108.985882,20.5887932,-100.3898881,13.88380432128906,1816.216796875,,OK,,2026-07-08T14:04:44
"los mochis, sinaloa -> saltillo, coahuila de zaragoza","Los Mochis, Sinaloa -> Saltillo, Coahuila de Zaragoza","Los Mochis, Sinaloa","Saltillo, Coahuila de Zaragoza",1155143.0,,25.7904657,-108.985882,25.4383234,-100.973678,13.88380432128906,1541.935180664062,,OK,,2026-07-08T14:04:46
"los mochis, sinaloa -> san luis potosi, san luis potosi","Los Mochis, Sinaloa -> San Luis Potosí, San Luis Potosí","Los Mochis, Sinaloa","San Luis Potosí, San Luis Potosí",1125484.0,,25.7904657,-108.985882,22.1520892,-100.9733024,13.88380432128906,1865.477172851562,,OK,,2026-07-08T14:04:47
"los mochis, sinaloa -> santa catarina, nuevo leon","Los Mochis, Sinaloa -> Santa Catarina, Nuevo León","Los Mochis, Sinaloa","Santa Catarina, Nuevo León",1219851.0,,25.7904657,-108.985882,25.6746058,-100.4423188,13.88380432128906,652.3250732421875,,OK,,2026-07-08T14:04:49
"los mochis, sinaloa -> tala, jalisco","Los Mochis, Sinaloa -> Tala, Jalisco","Los Mochis, Sinaloa","Tala, Jalisco",868147.0,,25.7904657,-108.985882,20.6586258,-103.7045718,13.88380432128906,1324.104370117188,,OK,,2026-07-08T14:04:51
"los mochis, sinaloa -> zapopan, jalisco","Los Mochis, Sinaloa -> Zapopan, Jalisco","Los Mochis, Sinaloa","Zapopan, Jalisco",869545.0,,25.7904657,-108.985882,20.6719563,-103.416501,13.88380432128906,1629.765258789062,,OK,,2026-07-08T14:04:52
"louisville, kentucky -> huejotzingo, puebla","Louisville, Kentucky -> Huejotzingo, Puebla","Louisville, Kentucky","Huejotzingo, Puebla",3046612.0,,38.2468618,-85.7663724,19.1589453,-98.4047163,137.8256988525391,2276.782470703125,,OK,,2026-07-08T14:04:53
"louisville, kentucky -> saltillo, coahuila de zaragoza","Louisville, Kentucky -> Saltillo, Coahuila de Zaragoza","Louisville, Kentucky","Saltillo, Coahuila de Zaragoza",2336638.0,,38.2468618,-85.7663724,25.4383234,-100.973678,137.8256988525391,1541.935180664062,,OK,,2026-07-08T14:04:55
"manchester, michigan -> cuautitlan izcalli, estado de mexico","Manchester, Michigan -> Cuautitlán Izcalli, Estado de México","Manchester, Michigan","Cuautitlán Izcalli, Estado de México",3619694.0,,42.1504206,-84.0375691,19.6528089,-99.2231387,273.7506713867188,2277.62060546875,,OK,,2026-07-08T14:04:56
"manchester, michigan -> guadalajara, jalisco","Manchester, Michigan -> Guadalajara, Jalisco","Manchester, Michigan","Guadalajara, Jalisco",3553441.0,,42.1504206,-84.0375691,20.6751707,-103.3473385,273.7506713867188,1546.570434570312,,OK,,2026-07-08T14:04:58
"manchester, michigan -> san nicolas tlazala, estado de mexico","Manchester, Michigan -> San Nicolás Tlazala, Estado de México","Manchester, Michigan","San Nicolás Tlazala, Estado de México",3662820.0,,42.1504206,-84.0375691,19.2258642,-99.4606511,273.7506713867188,2587.596435546875,,OK,,2026-07-08T14:04:59
"manzanillo, colima -> acatic, jalisco","Manzanillo, Colima -> Acatic, Jalisco","Manzanillo, Colima","Acatic, Jalisco",348804.0,,19.0536292,-104.3170724,20.7949972,-102.912616,8.365846633911133,1698.672485351562,,OK,,2026-07-08T14:05:01
"manzanillo, colima -> altamira, tamaulipas","Manzanillo, Colima -> Altamira, Tamaulipas","Manzanillo, Colima","Altamira, Tamaulipas",1076327.0,,19.0536292,-104.3170724,22.4077462,-97.9211555,8.365846633911133,25.66448402404785,,OK,,2026-07-08T14:05:02
"manzanillo, colima -> apizaco, tlaxcala","Manzanillo, Colima -> Apizaco, Tlaxcala","Manzanillo, Colima","Apizaco, Tlaxcala",925210.0,,19.0536292,-104.3170724,19.415881,-98.1393179,8.365846633911133,2418.580322265625,,OK,,2026-07-08T14:05:04
"manzanillo, colima -> apodaca, nuevo leon","Manzanillo, Colima -> Apodaca, Nuevo León","Manzanillo, Colima","Apodaca, Nuevo León",1115987.0,,19.0536292,-104.3170724,25.776468,-100.1858743,8.365846633911133,430.6315002441406,,OK,,2026-07-08T14:05:05
"manzanillo, colima -> azcapotzalco, ciudad de mexico","Manzanillo, Colima -> Azcapotzalco, Ciudad de México","Manzanillo, Colima","Azcapotzalco, Ciudad de México",817018.0,,19.0536292,-104.3170724,19.4846606,-99.1886749,8.365846633911133,2247.478759765625,,OK,,2026-07-08T14:05:07
"manzanillo, colima -> chihuahua, chihuahua","Manzanillo, Colima -> Chihuahua, Chihuahua","Manzanillo, Colima","Chihuahua, Chihuahua",1430490.0,,19.0536292,-104.3170724,28.4854458,-105.7820674,8.365846633911133,1553.364013671875,,OK,,2026-07-08T14:05:08
"manzanillo, colima -> ciudad de mexico, ciudad de mexico","Manzanillo, Colima -> Ciudad de México, Ciudad de México","Manzanillo, Colima","Ciudad de México, Ciudad de México",828626.0,,19.0536292,-104.3170724,19.4326077,-99.133208,8.365846633911133,2229.72216796875,,OK,,2026-07-08T14:05:10
"manzanillo, colima -> ciudad guzman, jalisco","Manzanillo, Colima -> Ciudad Guzmán, Jalisco","Manzanillo, Colima","Ciudad Guzmán, Jalisco",167816.0,,19.0536292,-104.3170724,19.7050171,-103.4685183,8.365846633911133,1525.488891601562,,OK,,2026-07-08T14:05:12
"manzanillo, colima -> ciudad victoria, tamaulipas","Manzanillo, Colima -> Ciudad Victoria, Tamaulipas","Manzanillo, Colima","Ciudad Victoria, Tamaulipas",957272.0,,19.0536292,-104.3170724,23.7369164,-99.1411154,8.365846633911133,313.2961730957031,,OK,,2026-07-08T14:05:13
"manzanillo, colima -> cuautitlan izcalli, estado de mexico","Manzanillo, Colima -> Cuautitlán Izcalli, Estado de México","Manzanillo, Colima","Cuautitlán Izcalli, Estado de México",796317.0,,19.0536292,-104.3170724,19.6528089,-99.2231387,8.365846633911133,2277.62060546875,,OK,,2026-07-08T14:05:14
"manzanillo, colima -> cuautitlan, estado de mexico","Manzanillo, Colima -> Cuautitlán, Estado de México","Manzanillo, Colima","Cuautitlán, Estado de México",799193.0,,19.0536292,-104.3170724,19.6695008,-99.1655054,8.365846633911133,2248.847412109375,,OK,,2026-07-08T14:05:16
"manzanillo, colima -> durango, durango","Manzanillo, Colima -> Durango, Durango","Manzanillo, Colima","Durango, Durango",993913.0,,19.0536292,-104.3170724,24.5592665,-104.6587821,8.365846633911133,1936.18798828125,,OK,,2026-07-08T14:05:21
"manzanillo, colima -> el salto, jalisco","Manzanillo, Colima -> El Salto, Jalisco","Manzanillo, Colima","El Salto, Jalisco",311173.0,,19.0536292,-104.3170724,20.5178271,-103.1826862,8.365846633911133,1527.1181640625,,OK,,2026-07-08T14:05:23
"manzanillo, colima -> general escobedo, nuevo leon","Manzanillo, Colima -> General Escobedo, Nuevo León","Manzanillo, Colima","General Escobedo, Nuevo León",1097432.0,,19.0536292,-104.3170724,25.8002233,-100.3122083,8.365846633911133,499.1261596679688,,OK,,2026-07-08T14:05:24
"manzanillo, colima -> guadalajara, jalisco","Manzanillo, Colima -> Guadalajara, Jalisco","Manzanillo, Colima","Guadalajara, Jalisco",289951.0,,19.0536292,-104.3170724,20.6751707,-103.3473385,8.365846633911133,1546.570434570312,,OK,,2026-07-08T14:05:26
"manzanillo, colima -> huichihuayan, san luis potosi","Manzanillo, Colima -> Huichihuayán, San Luis Potosí","Manzanillo, Colima","Huichihuayán, San Luis Potosí",975067.0,,19.0536292,-104.3170724,21.481824,-98.9675903,8.365846633911133,101.6526031494141,,OK,,2026-07-08T14:05:27
"manzanillo, colima -> lagos de moreno, jalisco","Manzanillo, Colima -> Lagos de Moreno, Jalisco","Manzanillo, Colima","Lagos de Moreno, Jalisco",473512.0,,19.0536292,-104.3170724,21.3634964,-101.9291015,8.365846633911133,1917.813598632812,,OK,,2026-07-08T14:05:28
"manzanillo, colima -> los cues, queretaro","Manzanillo, Colima -> Los Cues, Querétaro","Manzanillo, Colima","Los Cues, Querétaro",669311.0,,19.0536292,-104.3170724,20.5010442,-100.2642188,8.365846633911133,1998.31640625,,OK,,2026-07-08T14:05:30
"manzanillo, colima -> martinez de la torre, veracruz de ignacio de la llave","Manzanillo, Colima -> Martínez de la Torre, Veracruz de Ignacio de la Llave","Manzanillo, Colima","Martínez de la Torre, Veracruz de Ignacio de la Llave",1122811.0,,19.0536292,-104.3170724,20.0624883,-97.055643,8.365846633911133,68.94474792480469,,OK,,2026-07-08T14:05:31
"manzanillo, colima -> monterrey, nuevo leon","Manzanillo, Colima -> Monterrey, Nuevo León","Manzanillo, Colima","Monterrey, Nuevo León",1095148.0,,19.0536292,-104.3170724,25.6866142,-100.3161126,8.365846633911133,541.4471435546875,,OK,,2026-07-08T14:05:33
"manzanillo, colima -> morelia, michoacan de ocampo","Manzanillo, Colima -> Morelia, Michoacán de Ocampo","Manzanillo, Colima","Morelia, Michoacán de Ocampo",570399.0,,19.0536292,-104.3170724,19.705632,-101.1950164,8.365846633911133,1907.418334960938,,OK,,2026-07-08T14:05:34
"manzanillo, colima -> queretaro, queretaro","Manzanillo, Colima -> Querétaro, Querétaro","Manzanillo, Colima","Querétaro, Querétaro",645473.0,,19.0536292,-104.3170724,20.5887932,-100.3898881,8.365846633911133,1816.216796875,,OK,,2026-07-08T14:05:36
"manzanillo, colima -> san francisco de los romo, aguascalientes","Manzanillo, Colima -> San Francisco de los Romo, Aguascalientes","Manzanillo, Colima","San Francisco de los Romo, Aguascalientes",544056.0,,19.0536292,-104.3170724,22.0750146,-102.2734393,8.365846633911133,1888.998901367188,,OK,,2026-07-08T14:05:37
"manzanillo, colima -> san jose iturbide, guanajuato","Manzanillo, Colima -> San José Iturbide, Guanajuato","Manzanillo, Colima","San José Iturbide, Guanajuato",693802.0,,19.0536292,-104.3170724,20.9996535,-100.3854458,8.365846633911133,2104.200439453125,,OK,,2026-07-08T14:05:39
"manzanillo, colima -> san juan del rio, queretaro","Manzanillo, Colima -> San Juan del Río, Querétaro","Manzanillo, Colima","San Juan del Río, Querétaro",699672.0,,19.0536292,-104.3170724,20.3951106,-99.9856344,8.365846633911133,1920.125122070312,,OK,,2026-07-08T14:05:41
"manzanillo, colima -> san luis potosi, san luis potosi","Manzanillo, Colima -> San Luis Potosí, San Luis Potosí","Manzanillo, Colima","San Luis Potosí, San Luis Potosí",626778.0,,19.0536292,-104.3170724,22.1520892,-100.9733024,8.365846633911133,1865.477172851562,,OK,,2026-07-08T14:05:43
"manzanillo, colima -> san mateo otzacatipan, estado de mexico","Manzanillo, Colima -> San Mateo Otzacatipan, Estado de México","Manzanillo, Colima","San Mateo Otzacatipan, Estado de México",755201.0,,19.0536292,-104.3170724,19.3296221,-99.6035176,8.365846633911133,2599.1875,,OK,,2026-07-08T14:05:44
"manzanillo, colima -> san pedro tlaquepaque, jalisco","Manzanillo, Colima -> San Pedro Tlaquepaque, Jalisco","Manzanillo, Colima","San Pedro Tlaquepaque, Jalisco",290839.0,,19.0536292,-104.3170724,20.6025191,-103.3361581,8.365846633911133,1564.796630859375,,OK,,2026-07-08T14:05:46
"manzanillo, colima -> silao de la victoria, guanajuato","Manzanillo, Colima -> Silao de la Victoria, Guanajuato","Manzanillo, Colima","Silao de la Victoria, Guanajuato",536850.0,,19.0536292,-104.3170724,20.952141,-101.4282369,8.365846633911133,1780.1376953125,,OK,,2026-07-08T14:05:48
"manzanillo, colima -> tala, jalisco","Manzanillo, Colima -> Tala, Jalisco","Manzanillo, Colima","Tala, Jalisco",299129.0,,19.0536292,-104.3170724,20.6586258,-103.7045718,8.365846633911133,1324.104370117188,,OK,,2026-07-08T14:05:49
"manzanillo, colima -> tecoman, colima","Manzanillo, Colima -> Tecomán, Colima","Manzanillo, Colima","Tecomán, Colima",57730.0,,19.0536292,-104.3170724,18.9173829,-103.8738031,8.365846633911133,39.65007019042969,,OK,,2026-07-08T14:05:50
"manzanillo, colima -> tepotzotlan, estado de mexico","Manzanillo, Colima -> Tepotzotlán, Estado de México","Manzanillo, Colima","Tepotzotlán, Estado de México",788576.0,,19.0536292,-104.3170724,19.7185096,-99.2065202,8.365846633911133,2255.4853515625,,OK,,2026-07-08T14:05:53
"manzanillo, colima -> tezonapa, veracruz de ignacio de la llave","Manzanillo, Colima -> Tezonapa, Veracruz de Ignacio de la Llave","Manzanillo, Colima","Tezonapa, Veracruz de Ignacio de la Llave",1156808.0,,19.0536292,-104.3170724,18.6021727,-96.6872035,8.365846633911133,229.0,,OK,,2026-07-08T14:05:54
"manzanillo, colima -> tlajomulco de zuniga, jalisco","Manzanillo, Colima -> Tlajomulco de Zúñiga, Jalisco","Manzanillo, Colima","Tlajomulco de Zúñiga, Jalisco",267333.0,,19.0536292,-104.3170724,20.4736865,-103.4479314,8.365846633911133,1585.729858398438,,OK,,2026-07-08T14:05:56
"manzanillo, colima -> tlalnepantla, estado de mexico","Manzanillo, Colima -> Tlalnepantla, Estado de México","Manzanillo, Colima","Tlalnepantla, Estado de México",808793.0,,19.0536292,-104.3170724,19.5360618,-99.1968306,8.365846633911133,2253.70654296875,,OK,,2026-07-08T14:05:57
"manzanillo, colima -> tlaxcala, tlaxcala","Manzanillo, Colima -> Tlaxcala, Tlaxcala","Manzanillo, Colima","Tlaxcala, Tlaxcala",928207.0,,19.0536292,-104.3170724,19.318154,-98.2374954,8.365846633911133,2233.779052734375,,OK,,2026-07-08T14:05:58
"manzanillo, colima -> toluca, estado de mexico","Manzanillo, Colima -> Toluca, Estado de México","Manzanillo, Colima","Toluca, Estado de México",754347.0,,19.0536292,-104.3170724,19.2826098,-99.6556653,8.365846633911133,2670.009765625,,OK,,2026-07-08T14:06:00
"manzanillo, colima -> tultitlan, estado de mexico","Manzanillo, Colima -> Tultitlán, Estado de México","Manzanillo, Colima","Tultitlán, Estado de México",801882.0,,19.0536292,-104.3170724,19.6392125,-99.1668646,8.365846633911133,2246.053955078125,,OK,,2026-07-08T14:06:01
"manzanillo, colima -> zamora, michoacan de ocampo","Manzanillo, Colima -> Zamora, Michoacán de Ocampo","Manzanillo, Colima","Zamora, Michoacán de Ocampo",441016.0,,19.0536292,-104.3170724,19.9901766,-102.2834075,8.365846633911133,1565.5,,OK,,2026-07-08T14:06:02
"manzanillo, colima -> zapopan, jalisco","Manzanillo, Colima -> Zapopan, Jalisco","Manzanillo, Colima","Zapopan, Jalisco",284856.0,,19.0536292,-104.3170724,20.6719563,-103.416501,8.365846633911133,1629.765258789062,,OK,,2026-07-08T14:06:04
"manzanillo, colima -> zapote del valle, jalisco","Manzanillo, Colima -> Zapote del Valle, Jalisco","Manzanillo, Colima","Zapote del Valle, Jalisco",302424.0,,19.0536292,-104.3170724,20.5045004,-103.2941657,8.365846633911133,1534.899291992188,,OK,,2026-07-08T14:06:05
"maple grove, minnesota -> apodaca, nuevo leon","Maple Grove, Minnesota -> Apodaca, Nuevo León","Maple Grove, Minnesota","Apodaca, Nuevo León",2501458.0,,45.0724642,-93.4557877,25.776468,-100.1858743,288.1201171875,430.6315002441406,,OK,,2026-07-08T14:06:07
"martinez de la torre, veracruz de ignacio de la llave -> queretaro, queretaro","Martínez de la Torre, Veracruz de Ignacio de la Llave -> Querétaro, Querétaro","Martínez de la Torre, Veracruz de Ignacio de la Llave","Querétaro, Querétaro",506232.0,,20.0624883,-97.055643,20.5887932,-100.3898881,68.94474792480469,1816.216796875,,OK,,2026-07-08T14:06:08
"mazatlan, sinaloa -> puerto vallarta, jalisco","Mazatlán, Sinaloa -> Puerto Vallarta, Jalisco","Mazatlán, Sinaloa","Puerto Vallarta, Jalisco",452269.0,,23.2494148,-106.4111425,20.6565177,-105.211358,6.152902126312256,38.58020782470703,,OK,,2026-07-08T14:06:10
"mazatlan, sinaloa -> zapopan, jalisco","Mazatlán, Sinaloa -> Zapopan, Jalisco","Mazatlán, Sinaloa","Zapopan, Jalisco",474636.0,,23.2494148,-106.4111425,20.6719563,-103.416501,6.152902126312256,1629.765258789062,,OK,,2026-07-08T14:06:11
"memphis, tennessee -> laredo, texas","Memphis, Tennessee -> Laredo, Texas","Memphis, Tennessee","Laredo, Texas",1419406.0,,35.1485812,-90.0518955,27.5035613,-99.5075519,82.746826171875,129.2351531982422,,OK,,2026-07-08T14:06:12
"mexicali, baja california -> azusa, california","Mexicali, Baja California -> Azusa, California","Mexicali, Baja California","Azusa, California",341769.0,,32.6249284,-115.4435754,34.1336186,-117.9075627,5.183290004730225,184.1329193115234,,OK,,2026-07-08T14:06:14
"mexicali, baja california -> el fuerte, sinaloa","Mexicali, Baja California -> El Fuerte, Sinaloa","Mexicali, Baja California","El Fuerte, Sinaloa",1178743.0,,32.6249284,-115.4435754,26.417632,-108.6145938,5.183290004730225,101.7455749511719,,OK,,2026-07-08T14:06:16
"mexicali, baja california -> exeter, california","Mexicali, Baja California -> Exeter, California","Mexicali, Baja California","Exeter, California",650680.0,,32.6249284,-115.4435754,36.2960613,-119.1420517,5.183290004730225,118.9419555664062,,OK,,2026-07-08T14:06:17
"mexicali, baja california -> garcia, nuevo leon","Mexicali, Baja California -> García, Nuevo León","Mexicali, Baja California","García, Nuevo León",2167688.0,,32.6249284,-115.4435754,25.801032,-100.5861995,5.183290004730225,700.55712890625,,OK,,2026-07-08T14:06:19
"mexicali, baja california -> guadalajara, jalisco","Mexicali, Baja California -> Guadalajara, Jalisco","Mexicali, Baja California","Guadalajara, Jalisco",2053028.0,,32.6249284,-115.4435754,20.6751707,-103.3473385,5.183290004730225,1546.570434570312,,OK,,2026-07-08T14:06:20
"mexicali, baja california -> imperial, california","Mexicali, Baja California -> Imperial, California","Mexicali, Baja California","Imperial, California",35477.0,,32.6249284,-115.4435754,32.8475528,-115.5694391,5.183290004730225,-19.85012817382812,,OK,,2026-07-08T14:06:21
"mexicali, baja california -> los angeles, california","Mexicali, Baja California -> Los Angeles, California","Mexicali, Baja California","Los Angeles, California",376753.0,,32.6249284,-115.4435754,34.0549076,-118.242643,5.183290004730225,95.03137969970705,,OK,,2026-07-08T14:06:22
"mexicali, baja california -> mexicali, baja california","Mexicali, Baja California -> Mexicali, Baja California","Mexicali, Baja California","Mexicali, Baja California",0.0,,32.6249284,-115.4435754,32.6249284,-115.4435754,5.183290004730225,5.183290004730225,,OK,,2026-07-08T14:06:24
"mexicali, baja california -> rockingham, north carolina","Mexicali, Baja California -> Rockingham, North Carolina","Mexicali, Baja California","Rockingham, North Carolina",3773168.0,,32.6249284,-115.4435754,34.9393201,-79.7739457,5.183290004730225,86.12254333496094,,OK,,2026-07-08T14:06:25
"mexicali, baja california -> salinas, california","Mexicali, Baja California -> Salinas, California","Mexicali, Baja California","Salinas, California",852849.0,,32.6249284,-115.4435754,36.6777372,-121.6555013,5.183290004730225,16.20237159729004,,OK,,2026-07-08T14:06:27
"mexicali, baja california -> san quintin, baja california","Mexicali, Baja California -> San Quintín, Baja California","Mexicali, Baja California","San Quintín, Baja California",417062.0,,32.6249284,-115.4435754,30.56087669999999,-115.9379302,5.183290004730225,27.49743461608887,,OK,,2026-07-08T14:06:28
"mexicali, baja california -> tala, jalisco","Mexicali, Baja California -> Tala, Jalisco","Mexicali, Baja California","Tala, Jalisco",2042371.0,,32.6249284,-115.4435754,20.6586258,-103.7045718,5.183290004730225,1324.104370117188,,OK,,2026-07-08T14:06:35
"mexicali, baja california -> tlajomulco de zuniga, jalisco","Mexicali, Baja California -> Tlajomulco de Zúñiga, Jalisco","Mexicali, Baja California","Tlajomulco de Zúñiga, Jalisco",2070017.0,,32.6249284,-115.4435754,20.4736865,-103.4479314,5.183290004730225,1585.729858398438,,OK,,2026-07-08T14:06:37
"mexicali, baja california -> zamora, michoacan de ocampo","Mexicali, Baja California -> Zamora, Michoacán de Ocampo","Mexicali, Baja California","Zamora, Michoacán de Ocampo",2206840.0,,32.6249284,-115.4435754,19.9901766,-102.2834075,5.183290004730225,1565.5,,OK,,2026-07-08T14:06:38
"midlothian, texas -> laredo, texas","Midlothian, Texas -> Laredo, Texas","Midlothian, Texas","Laredo, Texas",664730.0,,32.475335,-97.0103181,27.5035613,-99.5075519,203.5721893310547,129.2351531982422,,OK,,2026-07-08T14:06:39
"mineral de la reforma, hidalgo -> ocotlan, jalisco","Mineral de la Reforma, Hidalgo -> Ocotlán, Jalisco","Mineral de la Reforma, Hidalgo","Ocotlán, Jalisco",494962.0,,20.1163337,-98.7736567,20.3417485,-102.7652326,2408.242431640625,1527.78662109375,,OK,,2026-07-08T14:06:41
"mishawaka, indiana -> saltillo, coahuila de zaragoza","Mishawaka, Indiana -> Saltillo, Coahuila de Zaragoza","Mishawaka, Indiana","Saltillo, Coahuila de Zaragoza",2656331.0,,41.6619927,-86.15861559999999,25.4383234,-100.973678,220.377197265625,1541.935180664062,,OK,,2026-07-08T14:06:46
"monclova, coahuila de zaragoza -> tepotzotlan, estado de mexico","Monclova, Coahuila de Zaragoza -> Tepotzotlán, Estado de México","Monclova, Coahuila de Zaragoza","Tepotzotlán, Estado de México",974248.0,,26.9080378,-101.4215236,19.7185096,-99.2065202,599.8727416992188,2255.4853515625,,OK,,2026-07-08T14:06:48
"monterrey, nuevo leon -> greenville, texas","Monterrey, Nuevo León -> Greenville, Texas","Monterrey, Nuevo León","Greenville, Texas",999467.0,,25.6866142,-100.3161126,33.1398034,-96.1072021,541.4471435546875,166.1264953613281,,OK,,2026-07-08T14:06:49
"monterrey, nuevo leon -> montrose, colorado","Monterrey, Nuevo León -> Montrose, Colorado","Monterrey, Nuevo León","Montrose, Colorado",1956533.0,,25.6866142,-100.3161126,38.4783198,-107.8761738,541.4471435546875,1771.171264648438,,OK,,2026-07-08T14:06:51
"monterrey, nuevo leon -> muscle shoals, alabama","Monterrey, Nuevo León -> Muscle Shoals, Alabama","Monterrey, Nuevo León","Muscle Shoals, Alabama",1880958.0,,25.6866142,-100.3161126,34.7448112,-87.66752919999999,541.4471435546875,152.7047576904297,,OK,,2026-07-08T14:06:52
"monterrey, nuevo leon -> newark, california","Monterrey, Nuevo León -> Newark, California","Monterrey, Nuevo León","Newark, California",3025775.0,,25.6866142,-100.3161126,37.5299765,-122.0383968,541.4471435546875,5.915080547332764,,OK,,2026-07-08T14:06:54
"monterrey, nuevo leon -> russellville, kentucky","Monterrey, Nuevo León -> Russellville, Kentucky","Monterrey, Nuevo León","Russellville, Kentucky",2063389.0,,25.6866142,-100.3161126,36.8453199,-86.887219,541.4471435546875,181.8478698730469,,OK,,2026-07-08T14:06:55
"monterrey, nuevo leon -> san pedro tlaquepaque, jalisco","Monterrey, Nuevo León -> San Pedro Tlaquepaque, Jalisco","Monterrey, Nuevo León","San Pedro Tlaquepaque, Jalisco",806292.0,,25.6866142,-100.3161126,20.6025191,-103.3361581,541.4471435546875,1564.796630859375,,OK,,2026-07-08T14:06:57
"monterrey, nuevo leon -> tlajomulco de zuniga, jalisco","Monterrey, Nuevo León -> Tlajomulco de Zúñiga, Jalisco","Monterrey, Nuevo León","Tlajomulco de Zúñiga, Jalisco",830619.0,,25.6866142,-100.3161126,20.4736865,-103.4479314,541.4471435546875,1585.729858398438,,OK,,2026-07-08T14:06:58
"monterrey, nuevo leon -> zapopan, jalisco","Monterrey, Nuevo León -> Zapopan, Jalisco","Monterrey, Nuevo León","Zapopan, Jalisco",814770.0,,25.6866142,-100.3161126,20.6719563,-103.416501,541.4471435546875,1629.765258789062,,OK,,2026-07-08T14:06:59
"morelia, michoacan de ocampo -> laredo, texas","Morelia, Michoacán de Ocampo -> Laredo, Texas","Morelia, Michoacán de Ocampo","Laredo, Texas",1039327.0,,19.705632,-101.1950164,27.5035613,-99.5075519,1907.418334960938,129.2351531982422,,OK,,2026-07-08T14:07:02
"muskegon, michigan -> celaya, guanajuato","Muskegon, Michigan -> Celaya, Guanajuato","Muskegon, Michigan","Celaya, Guanajuato",3426473.0,,43.2341813,-86.24839209999999,20.5279612,-100.8112885,188.8050231933594,1759.49169921875,,OK,,2026-07-08T14:07:03
"napa, california -> arandas, jalisco","Napa, California -> Arandas, Jalisco","Napa, California","Arandas, Jalisco",3295435.0,,38.2975381,-122.286865,20.705519,-102.346916,6.292640686035156,2066.971435546875,,OK,,2026-07-08T14:07:04
"naucalpan de juarez, estado de mexico -> apodaca, nuevo leon","Naucalpan de Juárez, Estado de México -> Apodaca, Nuevo León","Naucalpan de Juárez, Estado de México","Apodaca, Nuevo León",912165.0,,19.4737133,-99.2336657,25.776468,-100.1858743,2266.69775390625,430.6315002441406,,OK,,2026-07-08T14:07:06
"naucalpan de juarez, estado de mexico -> church hill, tennessee","Naucalpan de Juárez, Estado de México -> Church Hill, Tennessee","Naucalpan de Juárez, Estado de México","Church Hill, Tennessee",3124872.0,,19.4737133,-99.2336657,36.5223207,-82.7134921,2266.69775390625,373.1962890625,,OK,,2026-07-08T14:07:07
"naucalpan de juarez, estado de mexico -> ciudad hidalgo, chiapas","Naucalpan de Juárez, Estado de México -> Ciudad Hidalgo, Chiapas","Naucalpan de Juárez, Estado de México","Ciudad Hidalgo, Chiapas",1200766.0,,19.4737133,-99.2336657,14.6796279,-92.1525959,2266.69775390625,30.22902488708496,,OK,,2026-07-08T14:07:09
"naucalpan de juarez, estado de mexico -> del rio, texas","Naucalpan de Juárez, Estado de México -> Del Rio, Texas","Naucalpan de Juárez, Estado de México","Del Rio, Texas",1307358.0,,19.4737133,-99.2336657,29.3708857,-100.8958674,2266.69775390625,303.1130676269531,,OK,,2026-07-08T14:07:10
"naucalpan de juarez, estado de mexico -> fernley, nevada","Naucalpan de Juárez, Estado de México -> Fernley, Nevada","Naucalpan de Juárez, Estado de México","Fernley, Nevada",3565774.0,,19.4737133,-99.2336657,39.6079683,-119.2518349,2266.69775390625,1266.961059570312,,OK,,2026-07-08T14:07:12
"naucalpan de juarez, estado de mexico -> fort worth, texas","Naucalpan de Juárez, Estado de México -> Fort Worth, Texas","Naucalpan de Juárez, Estado de México","Fort Worth, Texas",1785609.0,,19.4737133,-99.2336657,32.7554883,-97.3307658,2266.69775390625,188.1778869628906,,OK,,2026-07-08T14:07:13
"naucalpan de juarez, estado de mexico -> guadalajara, jalisco","Naucalpan de Juárez, Estado de México -> Guadalajara, Jalisco","Naucalpan de Juárez, Estado de México","Guadalajara, Jalisco",533880.0,,19.4737133,-99.2336657,20.6751707,-103.3473385,2266.69775390625,1546.570434570312,,OK,,2026-07-08T14:07:14
"naucalpan de juarez, estado de mexico -> laredo, texas","Naucalpan de Juárez, Estado de México -> Laredo, Texas","Naucalpan de Juárez, Estado de México","Laredo, Texas",1104212.0,,19.4737133,-99.2336657,27.5035613,-99.5075519,2266.69775390625,129.2351531982422,,OK,,2026-07-08T14:07:15
"naucalpan de juarez, estado de mexico -> louisville, kentucky","Naucalpan de Juárez, Estado de México -> Louisville, Kentucky","Naucalpan de Juárez, Estado de México","Louisville, Kentucky",3140014.0,,19.4737133,-99.2336657,38.2468618,-85.7663724,2266.69775390625,137.8256988525391,,OK,,2026-07-08T14:07:17
"naucalpan de juarez, estado de mexico -> muscle shoals, alabama","Naucalpan de Juárez, Estado de México -> Muscle Shoals, Alabama","Naucalpan de Juárez, Estado de México","Muscle Shoals, Alabama",2646827.0,,19.4737133,-99.2336657,34.7448112,-87.66752919999999,2266.69775390625,152.7047576904297,,OK,,2026-07-08T14:07:18
"naucalpan de juarez, estado de mexico -> naucalpan de juarez, estado de mexico","Naucalpan de Juárez, Estado de México -> Naucalpan de Juárez, Estado de México","Naucalpan de Juárez, Estado de México","Naucalpan de Juárez, Estado de México",0.0,,19.4737133,-99.2336657,19.4737133,-99.2336657,2266.69775390625,2266.69775390625,,OK,,2026-07-08T14:07:19
"naucalpan de juarez, estado de mexico -> san martin obispo, estado de mexico","Naucalpan de Juárez, Estado de México -> San Martín Obispo, Estado de México","Naucalpan de Juárez, Estado de México","San Martín Obispo, Estado de México",121903.0,,19.4737133,-99.2336657,19.3195603,-100.0744335,2266.69775390625,2497.16796875,,OK,,2026-07-08T14:07:21
"naucalpan de juarez, estado de mexico -> san pedro tlaquepaque, jalisco","Naucalpan de Juárez, Estado de México -> San Pedro Tlaquepaque, Jalisco","Naucalpan de Juárez, Estado de México","San Pedro Tlaquepaque, Jalisco",530910.0,,19.4737133,-99.2336657,20.6025191,-103.3361581,2266.69775390625,1564.796630859375,,OK,,2026-07-08T14:07:22
"naucalpan de juarez, estado de mexico -> schoolcraft, michigan","Naucalpan de Juárez, Estado de México -> Schoolcraft, Michigan","Naucalpan de Juárez, Estado de México","Schoolcraft, Michigan",3533468.0,,19.4737133,-99.2336657,42.11421070000001,-85.63777759999999,2266.69775390625,267.5148315429688,,OK,,2026-07-08T14:07:24
"naucalpan de juarez, estado de mexico -> tlajomulco de zuniga, jalisco","Naucalpan de Juárez, Estado de México -> Tlajomulco de Zúñiga, Jalisco","Naucalpan de Juárez, Estado de México","Tlajomulco de Zúñiga, Jalisco",576987.0,,19.4737133,-99.2336657,20.4736865,-103.4479314,2266.69775390625,1585.729858398438,,OK,,2026-07-08T14:07:25
"naucalpan de juarez, estado de mexico -> tulsa, oklahoma","Naucalpan de Juárez, Estado de México -> Tulsa, Oklahoma","Naucalpan de Juárez, Estado de México","Tulsa, Oklahoma",2207874.0,,19.4737133,-99.2336657,36.1551375,-95.989501,2266.69775390625,219.4930572509766,,OK,,2026-07-08T14:07:27
"naucalpan de juarez, estado de mexico -> wauwatosa, wisconsin","Naucalpan de Juárez, Estado de México -> Wauwatosa, Wisconsin","Naucalpan de Juárez, Estado de México","Wauwatosa, Wisconsin",3410393.0,,19.4737133,-99.2336657,43.0494572,-88.0075875,2266.69775390625,202.9051818847656,,OK,,2026-07-08T14:07:28
"nava, coahuila de zaragoza -> azcapotzalco, ciudad de mexico","Nava, Coahuila de Zaragoza -> Azcapotzalco, Ciudad de México","Nava, Coahuila de Zaragoza","Azcapotzalco, Ciudad de México",1205033.0,,28.4212302,-100.7638814,19.4846606,-99.1886749,328.41650390625,2247.478759765625,,OK,,2026-07-08T14:07:29
"neenah, wisconsin -> laredo, texas","Neenah, Wisconsin -> Laredo, Texas","Neenah, Wisconsin","Laredo, Texas",2426298.0,,44.1858193,-88.462609,27.5035613,-99.5075519,228.5584411621094,129.2351531982422,,OK,,2026-07-08T14:07:31
"new albany, ohio -> arandas, jalisco","New Albany, Ohio -> Arandas, Jalisco","New Albany, Ohio","Arandas, Jalisco",3344560.0,,40.0821602,-82.8100923,20.705519,-102.346916,310.7087097167969,2066.971435546875,,OK,,2026-07-08T14:07:32
"new castle, pennsylvania -> saltillo, coahuila de zaragoza","New Castle, Pennsylvania -> Saltillo, Coahuila de Zaragoza","New Castle, Pennsylvania","Saltillo, Coahuila de Zaragoza",2986013.0,,41.0036719,-80.34700900000001,25.4383234,-100.973678,257.2811584472656,1541.935180664062,,OK,,2026-07-08T14:07:34
"new columbia, pennsylvania -> laredo, texas","New Columbia, Pennsylvania -> Laredo, Texas","New Columbia, Pennsylvania","Laredo, Texas",2992749.0,,41.0409176,-76.86690800000001,27.5035613,-99.5075519,145.2235565185547,129.2351531982422,,OK,,2026-07-08T14:07:35
"newburyport, massachusetts -> irapuato, guanajuato","Newburyport, Massachusetts -> Irapuato, Guanajuato","Newburyport, Massachusetts","Irapuato, Guanajuato",4423941.0,,42.8125913,-70.87727509999999,20.6781291,-101.3547266,10.58681583404541,1721.492065429688,,OK,,2026-07-08T14:07:37
"newburyport, massachusetts -> laredo, texas","Newburyport, Massachusetts -> Laredo, Texas","Newburyport, Massachusetts","Laredo, Texas",3535680.0,,42.8125913,-70.87727509999999,27.5035613,-99.5075519,10.58681583404541,129.2351531982422,,OK,,2026-07-08T14:07:38
"nezahualcoyotl, estado de mexico -> muscle shoals, alabama","Nezahualcóyotl, Estado de México -> Muscle Shoals, Alabama","Nezahualcóyotl, Estado de México","Muscle Shoals, Alabama",2633531.0,,19.3994934,-98.9896643,34.7448112,-87.66752919999999,2234.56005859375,152.7047576904297,,OK,,2026-07-08T14:07:40
"nogales, sonora -> tijuana, baja california","Nogales, Sonora -> Tijuana, Baja California","Nogales, Sonora","Tijuana, Baja California",779146.0,,31.3011855,-110.9381047,32.5331957,-117.0192784,1218.139892578125,22.42227745056152,,OK,,2026-07-08T14:07:42
"northborough, massachusetts -> apodaca, nuevo leon","Northborough, Massachusetts -> Apodaca, Nuevo León","Northborough, Massachusetts","Apodaca, Nuevo León",3669104.0,,42.31980859999999,-71.6423829,25.776468,-100.1858743,92.16094970703124,430.6315002441406,,OK,,2026-07-08T14:07:43
"nuevo laredo, tamaulipas -> apodaca, nuevo leon","Nuevo Laredo, Tamaulipas -> Apodaca, Nuevo León","Nuevo Laredo, Tamaulipas","Apodaca, Nuevo León",214670.0,,27.4779362,-99.549573,25.776468,-100.1858743,141.5451812744141,430.6315002441406,,OK,,2026-07-08T14:07:45
"nuevo laredo, tamaulipas -> nuevo laredo, tamaulipas","Nuevo Laredo, Tamaulipas -> Nuevo Laredo, Tamaulipas","Nuevo Laredo, Tamaulipas","Nuevo Laredo, Tamaulipas",0.0,,27.4779362,-99.549573,27.4779362,-99.549573,141.5451812744141,141.5451812744141,,OK,,2026-07-08T14:07:46
"nuevo laredo, tamaulipas -> silao de la victoria, guanajuato","Nuevo Laredo, Tamaulipas -> Silao de la Victoria, Guanajuato","Nuevo Laredo, Tamaulipas","Silao de la Victoria, Guanajuato",875850.0,,27.4779362,-99.549573,20.952141,-101.4282369,141.5451812744141,1780.1376953125,,OK,,2026-07-08T14:07:48
"ocotlan, jalisco -> lagos de moreno, jalisco","Ocotlán, Jalisco -> Lagos de Moreno, Jalisco","Ocotlán, Jalisco","Lagos de Moreno, Jalisco",181536.0,,20.3417485,-102.7652326,21.3634964,-101.9291015,1527.78662109375,1917.813598632812,,OK,,2026-07-08T14:07:49
"orwell, ohio -> arteaga, coahuila de zaragoza","Orwell, Ohio -> Arteaga, Coahuila de Zaragoza","Orwell, Ohio","Arteaga, Coahuila de Zaragoza",2961631.0,,41.5350551,-80.86814369999999,25.445269,-100.8592579,271.3644104003906,1652.304321289062,,OK,,2026-07-08T14:07:51
"pesqueria, nuevo leon -> guadalajara, jalisco","Pesquería, Nuevo León -> Guadalajara, Jalisco","Pesquería, Nuevo León","Guadalajara, Jalisco",841207.0,,25.7917265,-100.0485536,20.6751707,-103.3473385,331.6014709472656,1546.570434570312,,OK,,2026-07-08T14:07:52
"pesqueria, nuevo leon -> zapopan, jalisco","Pesquería, Nuevo León -> Zapopan, Jalisco","Pesquería, Nuevo León","Zapopan, Jalisco",846715.0,,25.7917265,-100.0485536,20.6719563,-103.416501,331.6014709472656,1629.765258789062,,OK,,2026-07-08T14:07:54
"piedras negras, coahuila de zaragoza -> apodaca, nuevo leon","Piedras Negras, Coahuila de Zaragoza -> Apodaca, Nuevo León","Piedras Negras, Coahuila de Zaragoza","Apodaca, Nuevo León",383987.0,,28.6916182,-100.5408622,25.776468,-100.1858743,239.4914093017578,430.6315002441406,,OK,,2026-07-08T14:07:55
"portage, indiana -> huehuetoca, estado de mexico","Portage, Indiana -> Huehuetoca, Estado de México","Portage, Indiana","Huehuetoca, Estado de México",3329076.0,,41.5758707,-87.1761455,19.8277305,-99.2037508,193.8430786132812,2254.439697265625,,OK,,2026-07-08T14:07:57
"portage, indiana -> saltillo, coahuila de zaragoza","Portage, Indiana -> Saltillo, Coahuila de Zaragoza","Portage, Indiana","Saltillo, Coahuila de Zaragoza",2559488.0,,41.5758707,-87.1761455,25.4383234,-100.973678,193.8430786132812,1541.935180664062,,OK,,2026-07-08T14:07:58
"portland, tennessee -> san jose iturbide, guanajuato","Portland, Tennessee -> San José Iturbide, Guanajuato","Portland, Tennessee","San José Iturbide, Guanajuato",2695747.0,,36.5800919,-86.5138667,20.9996535,-100.3854458,244.0237579345703,2104.200439453125,,OK,,2026-07-08T14:08:00
"puebla, puebla -> muscle shoals, alabama","Puebla, Puebla -> Muscle Shoals, Alabama","Puebla, Puebla","Muscle Shoals, Alabama",2637233.0,,19.0414398,-98.2062727,34.7448112,-87.66752919999999,2147.357421875,152.7047576904297,,OK,,2026-07-08T14:08:01
"puebla, puebla -> ocotlan, jalisco","Puebla, Puebla -> Ocotlán, Jalisco","Puebla, Puebla","Ocotlán, Jalisco",599370.0,,19.0414398,-98.2062727,20.3417485,-102.7652326,2147.357421875,1527.78662109375,,OK,,2026-07-08T14:08:02
"puebla, puebla -> queretaro, queretaro","Puebla, Puebla -> Querétaro, Querétaro","Puebla, Puebla","Querétaro, Querétaro",330004.0,,19.0414398,-98.2062727,20.5887932,-100.3898881,2147.357421875,1816.216796875,,OK,,2026-07-08T14:08:04
"puebla, puebla -> russellville, kentucky","Puebla, Puebla -> Russellville, Kentucky","Puebla, Puebla","Russellville, Kentucky",2825106.0,,19.0414398,-98.2062727,36.8453199,-86.887219,2147.357421875,181.8478698730469,,OK,,2026-07-08T14:08:05
"puerto morelos, quintana roo -> cancun, quintana roo","Puerto Morelos, Quintana Roo -> Cancún, Quintana Roo","Puerto Morelos, Quintana Roo","Cancún, Quintana Roo",38457.0,,20.8478084,-86.87553419999999,21.161908,-86.8515279,4.94056510925293,10.58460521697998,,OK,,2026-07-08T14:08:07
"puerto morelos, quintana roo -> chetumal, quintana roo","Puerto Morelos, Quintana Roo -> Chetumal, Quintana Roo","Puerto Morelos, Quintana Roo","Chetumal, Quintana Roo",350347.0,,20.8478084,-86.87553419999999,18.5001889,-88.296146,4.94056510925293,2.258429050445557,,OK,,2026-07-08T14:08:08
"puerto morelos, quintana roo -> merida, yucatan","Puerto Morelos, Quintana Roo -> Mérida, Yucatán","Puerto Morelos, Quintana Roo","Mérida, Yucatán",325723.0,,20.8478084,-86.87553419999999,20.9673702,-89.5925857,4.94056510925293,9.383517265319824,,OK,,2026-07-08T14:08:09
"puerto morelos, quintana roo -> playa del carmen, quintana roo","Puerto Morelos, Quintana Roo -> Playa del Carmen, Quintana Roo","Puerto Morelos, Quintana Roo","Playa del Carmen, Quintana Roo",,,,,,,,,,ERROR,Distance element status ZERO_RESULTS,2026-07-08T14:08:10
"queretaro, queretaro -> aguascalientes, aguascalientes","Querétaro, Querétaro -> Aguascalientes, Aguascalientes","Querétaro, Querétaro","Aguascalientes, Aguascalientes",284763.0,,20.5887932,-100.3898881,21.8852562,-102.2915677,1816.216796875,1870.779296875,,OK,,2026-07-08T14:08:11
"queretaro, queretaro -> altamira, tamaulipas","Querétaro, Querétaro -> Altamira, Tamaulipas","Querétaro, Querétaro","Altamira, Tamaulipas",619343.0,,20.5887932,-100.3898881,22.4077462,-97.9211555,1816.216796875,25.66448402404785,,OK,,2026-07-08T14:08:12
"queretaro, queretaro -> amozoc, puebla","Querétaro, Querétaro -> Amozoc, Puebla","Querétaro, Querétaro","Amozoc, Puebla",346517.0,,20.5887932,-100.3898881,19.043829,-98.0437894,1816.216796875,2314.93212890625,,OK,,2026-07-08T14:08:14
"queretaro, queretaro -> arriaga, chiapas","Querétaro, Querétaro -> Arriaga, Chiapas","Querétaro, Querétaro","Arriaga, Chiapas",1108852.0,,20.5887932,-100.3898881,16.2371385,-93.8986279,1816.216796875,71.57369232177734,,OK,,2026-07-08T14:08:15
"queretaro, queretaro -> ciudad de mexico, ciudad de mexico","Querétaro, Querétaro -> Ciudad de México, Ciudad de México","Querétaro, Querétaro","Ciudad de México, Ciudad de México",212306.0,,20.5887932,-100.3898881,19.4326077,-99.133208,1816.216796875,2229.72216796875,,OK,,2026-07-08T14:08:17
"queretaro, queretaro -> ciudad victoria, tamaulipas","Querétaro, Querétaro -> Ciudad Victoria, Tamaulipas","Querétaro, Querétaro","Ciudad Victoria, Tamaulipas",522001.0,,20.5887932,-100.3898881,23.7369164,-99.1411154,1816.216796875,313.2961730957031,,OK,,2026-07-08T14:08:18
"queretaro, queretaro -> general teran, nuevo leon","Querétaro, Querétaro -> General Terán, Nuevo León","Querétaro, Querétaro","General Terán, Nuevo León",676549.0,,20.5887932,-100.3898881,25.2583781,-99.6814748,1816.216796875,314.3303833007812,,OK,,2026-07-08T14:08:19
"queretaro, queretaro -> huichihuayan, san luis potosi","Querétaro, Querétaro -> Huichihuayán, San Luis Potosí","Querétaro, Querétaro","Huichihuayán, San Luis Potosí",287429.0,,20.5887932,-100.3898881,21.481824,-98.9675903,1816.216796875,101.6526031494141,,OK,,2026-07-08T14:08:21
"queretaro, queretaro -> jose azueta, veracruz de ignacio de la llave","Querétaro, Querétaro -> José Azueta, Veracruz de Ignacio de la Llave","Querétaro, Querétaro","José Azueta, Veracruz de Ignacio de la Llave",669020.0,,20.5887932,-100.3898881,18.0751004,-95.7094023,1816.216796875,26.98177528381348,,OK,,2026-07-08T14:08:22
"queretaro, queretaro -> la grange, georgia","Querétaro, Querétaro -> La Grange, Georgia","Querétaro, Querétaro","La Grange, Georgia",2569979.0,,20.5887932,-100.3898881,33.0362218,-85.0322444,1816.216796875,231.4384002685547,,OK,,2026-07-08T14:08:24
"queretaro, queretaro -> laredo, texas","Querétaro, Querétaro -> Laredo, Texas","Querétaro, Querétaro","Laredo, Texas",916358.0,,20.5887932,-100.3898881,27.5035613,-99.5075519,1816.216796875,129.2351531982422,,OK,,2026-07-08T14:08:25
"queretaro, queretaro -> martinez de la torre, veracruz de ignacio de la llave","Querétaro, Querétaro -> Martínez de la Torre, Veracruz de Ignacio de la Llave","Querétaro, Querétaro","Martínez de la Torre, Veracruz de Ignacio de la Llave",507004.0,,20.5887932,-100.3898881,20.0624883,-97.055643,1816.216796875,68.94474792480469,,OK,,2026-07-08T14:08:26
"queretaro, queretaro -> zamora, michoacan de ocampo","Querétaro, Querétaro -> Zamora, Michoacán de Ocampo","Querétaro, Querétaro","Zamora, Michoacán de Ocampo",252197.0,,20.5887932,-100.3898881,19.9901766,-102.2834075,1816.216796875,1565.5,,OK,,2026-07-08T14:08:28
"queretaro, queretaro -> zapopan, jalisco","Querétaro, Querétaro -> Zapopan, Jalisco","Querétaro, Querétaro","Zapopan, Jalisco",354549.0,,20.5887932,-100.3898881,20.6719563,-103.416501,1816.216796875,1629.765258789062,,OK,,2026-07-08T14:08:30
"ramos arizpe, coahuila de zaragoza -> laredo, texas","Ramos Arizpe, Coahuila de Zaragoza -> Laredo, Texas","Ramos Arizpe, Coahuila de Zaragoza","Laredo, Texas",288173.0,,25.5287851,-100.9518886,27.5035613,-99.5075519,1415.503051757812,129.2351531982422,,OK,,2026-07-08T14:08:31
"reynosa, tamaulipas -> torreon, coahuila de zaragoza","Reynosa, Tamaulipas -> Torreón, Coahuila de Zaragoza","Reynosa, Tamaulipas","Torreón, Coahuila de Zaragoza",552449.0,,26.0915309,-98.2777687,25.5428443,-103.4067861,41.61340713500977,1128.250122070312,,OK,,2026-07-08T14:08:32
"rochelle, georgia -> cuautla, morelos","Rochelle, Georgia -> Cuautla, Morelos","Rochelle, Georgia","Cuautla, Morelos",2860735.0,,31.9510105,-83.4562744,18.8126047,-98.9548261,112.0555953979492,1298.065551757812,,OK,,2026-07-08T14:08:34
"rockford, illinois -> laredo, texas","Rockford, Illinois -> Laredo, Texas","Rockford, Illinois","Laredo, Texas",2173417.0,,42.2677214,-89.08777479999999,27.5035613,-99.5075519,226.2914581298828,129.2351531982422,,OK,,2026-07-08T14:08:36
"romulus, michigan -> san jose iturbide, guanajuato","Romulus, Michigan -> San José Iturbide, Guanajuato","Romulus, Michigan","San José Iturbide, Guanajuato",3468787.0,,42.2222614,-83.39659940000001,20.9996535,-100.3854458,201.0824279785156,2104.200439453125,,OK,,2026-07-08T14:08:37
"saginaw, michigan -> laredo, texas","Saginaw, Michigan -> Laredo, Texas","Saginaw, Michigan","Laredo, Texas",2662142.0,,43.4332528,-83.93900459999999,27.5035613,-99.5075519,180.6646423339844,129.2351531982422,,OK,,2026-07-08T14:08:38
"salamanca, guanajuato -> austin, texas","Salamanca, Guanajuato -> Austin, Texas","Salamanca, Guanajuato","Austin, Texas",1308640.0,,20.5739314,-101.1957172,30.267153,-97.7430608,1711.986694335938,149.0889434814453,,OK,,2026-07-08T14:08:40
"salamanca, guanajuato -> san juan del rio, queretaro","Salamanca, Guanajuato -> San Juan del Río, Querétaro","Salamanca, Guanajuato","San Juan del Río, Querétaro",144547.0,,20.5739314,-101.1957172,20.3951106,-99.9856344,1711.986694335938,1920.125122070312,,OK,,2026-07-08T14:08:41
"salem, oregon -> tultepec, estado de mexico","Salem, Oregon -> Tultepec, Estado de México","Salem, Oregon","Tultepec, Estado de México",4492181.0,,44.9362411,-123.0407496,19.6860054,-99.1260866,51.76192855834961,2249.831298828125,,OK,,2026-07-08T14:08:43
"samson, alabama -> cuautla, morelos","Samson, Alabama -> Cuautla, Morelos","Samson, Alabama","Cuautla, Morelos",2565721.0,,31.1129539,-86.0460518,18.8126047,-98.9548261,66.26353454589844,1298.065551757812,,OK,,2026-07-08T14:08:44
"samson, alabama -> laredo, texas","Samson, Alabama -> Laredo, Texas","Samson, Alabama","Laredo, Texas",1496286.0,,31.1129539,-86.0460518,27.5035613,-99.5075519,66.26353454589844,129.2351531982422,,OK,,2026-07-08T14:08:46
"san agustin, jalisco -> cordoba, veracruz de ignacio de la llave","San Agustín, Jalisco -> Córdoba, Veracruz de Ignacio de la Llave","San Agustín, Jalisco","Córdoba, Veracruz de Ignacio de la Llave",856006.0,,20.383333,-103.45,18.8838909,-96.9237751,2364.08203125,821.5255126953125,,OK,,2026-07-08T14:08:47
"san diego, california -> laredo, texas","San Diego, California -> Laredo, Texas","San Diego, California","Laredo, Texas",2136635.0,,32.715738,-117.1610838,27.5035613,-99.5075519,15.22497749328613,129.2351531982422,,OK,,2026-07-08T14:08:49
"san jose iturbide, guanajuato -> laredo, texas","San José Iturbide, Guanajuato -> Laredo, Texas","San José Iturbide, Guanajuato","Laredo, Texas",873928.0,,20.9996535,-100.3854458,27.5035613,-99.5075519,2104.200439453125,129.2351531982422,,OK,,2026-07-08T14:08:50
"san jose iturbide, guanajuato -> louisville, kentucky","San José Iturbide, Guanajuato -> Louisville, Kentucky","San José Iturbide, Guanajuato","Louisville, Kentucky",2909730.0,,20.9996535,-100.3854458,38.2468618,-85.7663724,2104.200439453125,137.8256988525391,,OK,,2026-07-08T14:08:52
"san jose iturbide, guanajuato -> markham, ontario","San José Iturbide, Guanajuato -> Markham, Ontario","San José Iturbide, Guanajuato","Markham, Ontario",3854730.0,,20.9996535,-100.3854458,43.8599076,-79.3349945,2104.200439453125,183.3915557861328,,OK,,2026-07-08T14:08:53
"san jose iturbide, guanajuato -> tlaxcala, tlaxcala","San José Iturbide, Guanajuato -> Tlaxcala, Tlaxcala","San José Iturbide, Guanajuato","Tlaxcala, Tlaxcala",355437.0,,20.9996535,-100.3854458,19.318154,-98.2374954,2104.200439453125,2233.779052734375,,OK,,2026-07-08T14:08:55
"san jose iturbide, guanajuato -> tlaxco, tlaxcala","San José Iturbide, Guanajuato -> Tlaxco, Tlaxcala","San José Iturbide, Guanajuato","Tlaxco, Tlaxcala",349818.0,,20.9996535,-100.3854458,19.61766,-98.1174721,2104.200439453125,2557.68212890625,,OK,,2026-07-08T14:08:56
"san juan de los lagos, jalisco -> guadalajara, jalisco","San Juan de los Lagos, Jalisco -> Guadalajara, Jalisco","San Juan de los Lagos, Jalisco","Guadalajara, Jalisco",143060.0,,21.2474689,-102.3316999,20.6751707,-103.3473385,1726.9990234375,1546.570434570312,,OK,,2026-07-08T14:08:57
"san luis de la paz, guanajuato -> santa cruz del astillero, jalisco","San Luis de la Paz, Guanajuato -> Santa Cruz del Astillero, Jalisco","San Luis de la Paz, Guanajuato","Santa Cruz del Astillero, Jalisco",409948.0,,21.293404,-100.5239867,20.7476491,-103.6455854,2020.702758789062,1432.723876953125,,OK,,2026-07-08T14:08:59
"san luis potosi, san luis potosi -> apodaca, nuevo leon","San Luis Potosí, San Luis Potosí -> Apodaca, Nuevo León","San Luis Potosí, San Luis Potosí","Apodaca, Nuevo León",533096.0,,22.1520892,-100.9733024,25.776468,-100.1858743,1865.477172851562,430.6315002441406,,OK,,2026-07-08T14:09:00
"san luis potosi, san luis potosi -> atitalaquia, hidalgo","San Luis Potosí, San Luis Potosí -> Atitalaquia, Hidalgo","San Luis Potosí, San Luis Potosí","Atitalaquia, Hidalgo",353690.0,,22.1520892,-100.9733024,20.0509779,-99.2203687,1865.477172851562,2106.876953125,,OK,,2026-07-08T14:09:02
"san luis potosi, san luis potosi -> danville, illinois","San Luis Potosí, San Luis Potosí -> Danville, Illinois","San Luis Potosí, San Luis Potosí","Danville, Illinois",2819033.0,,22.1520892,-100.9733024,40.124481,-87.6300207,1865.477172851562,182.3612213134766,,OK,,2026-07-08T14:09:03
"san luis potosi, san luis potosi -> guadalajara, jalisco","San Luis Potosí, San Luis Potosí -> Guadalajara, Jalisco","San Luis Potosí, San Luis Potosí","Guadalajara, Jalisco",331233.0,,22.1520892,-100.9733024,20.6751707,-103.3473385,1865.477172851562,1546.570434570312,,OK,,2026-07-08T14:09:05
"san luis potosi, san luis potosi -> iowa, louisiana","San Luis Potosí, San Luis Potosí -> Iowa, Louisiana","San Luis Potosí, San Luis Potosí","Iowa, Louisiana",1457459.0,,22.1520892,-100.9733024,30.2368292,-93.01363990000002,1865.477172851562,6.77202844619751,,OK,,2026-07-08T14:09:06
"san luis potosi, san luis potosi -> lerma, estado de mexico","San Luis Potosí, San Luis Potosí -> Lerma, Estado de México","San Luis Potosí, San Luis Potosí","Lerma, Estado de México",409052.0,,22.1520892,-100.9733024,19.2913424,-99.5244687,1865.477172851562,2568.7001953125,,OK,,2026-07-08T14:09:08
"san luis potosi, san luis potosi -> madison, indiana","San Luis Potosí, San Luis Potosí -> Madison, Indiana","San Luis Potosí, San Luis Potosí","Madison, Indiana",2847071.0,,22.1520892,-100.9733024,38.7358933,-85.37995769999999,1865.477172851562,149.8016967773438,,OK,,2026-07-08T14:09:09
"san luis potosi, san luis potosi -> montreal, quebec","San Luis Potosí, San Luis Potosí -> Montreal, Quebec","San Luis Potosí, San Luis Potosí","Montreal, Quebec",4221852.0,,22.1520892,-100.9733024,45.5018869,-73.56739189999999,1865.477172851562,36.23265075683594,,OK,,2026-07-08T14:09:10
"san luis potosi, san luis potosi -> nuevo laredo, tamaulipas","San Luis Potosí, San Luis Potosí -> Nuevo Laredo, Tamaulipas","San Luis Potosí, San Luis Potosí","Nuevo Laredo, Tamaulipas",720023.0,,22.1520892,-100.9733024,27.4779362,-99.549573,1865.477172851562,141.5451812744141,,OK,,2026-07-08T14:09:12
"san luis potosi, san luis potosi -> oklahoma city, oklahoma","San Luis Potosí, San Luis Potosí -> Oklahoma City, Oklahoma","San Luis Potosí, San Luis Potosí","Oklahoma City, Oklahoma",1725784.0,,22.1520892,-100.9733024,35.4688692,-97.519539,1865.477172851562,364.57568359375,,OK,,2026-07-08T14:09:13
"san luis potosi, san luis potosi -> queretaro, queretaro","San Luis Potosí, San Luis Potosí -> Querétaro, Querétaro","San Luis Potosí, San Luis Potosí","Querétaro, Querétaro",207970.0,,22.1520892,-100.9733024,20.5887932,-100.3898881,1865.477172851562,1816.216796875,,OK,,2026-07-08T14:09:14
"san luis potosi, san luis potosi -> san nicolas tlazala, estado de mexico","San Luis Potosí, San Luis Potosí -> San Nicolás Tlazala, Estado de México","San Luis Potosí, San Luis Potosí","San Nicolás Tlazala, Estado de México",417831.0,,22.1520892,-100.9733024,19.2258642,-99.4606511,1865.477172851562,2587.596435546875,,OK,,2026-07-08T14:09:16
"san luis potosi, san luis potosi -> san pedro tlaquepaque, jalisco","San Luis Potosí, San Luis Potosí -> San Pedro Tlaquepaque, Jalisco","San Luis Potosí, San Luis Potosí","San Pedro Tlaquepaque, Jalisco",328264.0,,22.1520892,-100.9733024,20.6025191,-103.3361581,1865.477172851562,1564.796630859375,,OK,,2026-07-08T14:09:18
"san martin obispo, estado de mexico -> apodaca, nuevo leon","San Martín Obispo, Estado de México -> Apodaca, Nuevo León","San Martín Obispo, Estado de México","Apodaca, Nuevo León",946705.0,,19.3195603,-100.0744335,25.776468,-100.1858743,2497.16796875,430.6315002441406,,OK,,2026-07-08T14:09:19
"san martin obispo, estado de mexico -> naucalpan de juarez, estado de mexico","San Martín Obispo, Estado de México -> Naucalpan de Juárez, Estado de México","San Martín Obispo, Estado de México","Naucalpan de Juárez, Estado de México",121604.0,,19.3195603,-100.0744335,19.4737133,-99.2336657,2497.16796875,2266.69775390625,,OK,,2026-07-08T14:09:21
"san martin texmelucan, puebla -> detroit, michigan","San Martín Texmelucan, Puebla -> Detroit, Michigan","San Martín Texmelucan, Puebla","Detroit, Michigan",3590507.0,,19.284383,-98.434873,42.32971819999999,-83.0424533,2256.415771484375,183.1509552001953,,OK,,2026-07-08T14:09:23
"san nicolas de los garza, nuevo leon -> berwick, pennsylvania","San Nicolás de los Garza, Nuevo León -> Berwick, Pennsylvania","San Nicolás de los Garza, Nuevo León","Berwick, Pennsylvania",3221097.0,,25.7481625,-100.2844842,41.0545292,-76.23326759999999,496.5721130371094,168.5491790771484,,OK,,2026-07-08T14:09:24
"san nicolas de los garza, nuevo leon -> chattanooga, tennessee","San Nicolás de los Garza, Nuevo León -> Chattanooga, Tennessee","San Nicolás de los Garza, Nuevo León","Chattanooga, Tennessee",2031820.0,,25.7481625,-100.2844842,35.0457984,-85.3093995,496.5721130371094,206.5224914550781,,OK,,2026-07-08T14:09:26
"san nicolas de los garza, nuevo leon -> coppell, texas","San Nicolás de los Garza, Nuevo León -> Coppell, Texas","San Nicolás de los Garza, Nuevo León","Coppell, Texas",940944.0,,25.7481625,-100.2844842,32.9545687,-97.0150078,496.5721130371094,158.0316925048828,,OK,,2026-07-08T14:09:27
"san nicolas de los garza, nuevo leon -> goose creek, south carolina","San Nicolás de los Garza, Nuevo León -> Goose Creek, South Carolina","San Nicolás de los Garza, Nuevo León","Goose Creek, South Carolina",2446538.0,,25.7481625,-100.2844842,32.980497,-80.0323942,496.5721130371094,10.06051445007324,,OK,,2026-07-08T14:09:29
"san nicolas de los garza, nuevo leon -> hazleton, pennsylvania","San Nicolás de los Garza, Nuevo León -> Hazleton, Pennsylvania","San Nicolás de los Garza, Nuevo León","Hazleton, Pennsylvania",3197681.0,,25.7481625,-100.2844842,40.9584181,-75.97464719999999,496.5721130371094,501.176513671875,,OK,,2026-07-08T14:09:31
"san nicolas de los garza, nuevo leon -> hillside, new jersey","San Nicolás de los Garza, Nuevo León -> Hillside, New Jersey","San Nicolás de los Garza, Nuevo León","Hillside, New Jersey",3320974.0,,25.7481625,-100.2844842,40.6969863,-74.2194154,496.5721130371094,10.83790016174316,,OK,,2026-07-08T14:09:32
"san nicolas de los garza, nuevo leon -> laredo, texas","San Nicolás de los Garza, Nuevo León -> Laredo, Texas","San Nicolás de los Garza, Nuevo León","Laredo, Texas",217901.0,,25.7481625,-100.2844842,27.5035613,-99.5075519,496.5721130371094,129.2351531982422,,OK,,2026-07-08T14:09:34
"san nicolas de los garza, nuevo leon -> las vegas, nevada","San Nicolás de los Garza, Nuevo León -> Las Vegas, Nevada","San Nicolás de los Garza, Nuevo León","Las Vegas, Nevada",2333683.0,,25.7481625,-100.2844842,36.171563,-115.1391009,496.5721130371094,611.1660766601562,,OK,,2026-07-08T14:09:35
"san nicolas de los garza, nuevo leon -> muscle shoals, alabama","San Nicolás de los Garza, Nuevo León -> Muscle Shoals, Alabama","San Nicolás de los Garza, Nuevo León","Muscle Shoals, Alabama",1874650.0,,25.7481625,-100.2844842,34.7448112,-87.66752919999999,496.5721130371094,152.7047576904297,,OK,,2026-07-08T14:09:37
"san nicolas de los garza, nuevo leon -> nuevo laredo, tamaulipas","San Nicolás de los Garza, Nuevo León -> Nuevo Laredo, Tamaulipas","San Nicolás de los Garza, Nuevo León","Nuevo Laredo, Tamaulipas",212781.0,,25.7481625,-100.2844842,27.4779362,-99.549573,496.5721130371094,141.5451812744141,,OK,,2026-07-08T14:09:40
"san nicolas de los garza, nuevo leon -> stockton, california","San Nicolás de los Garza, Nuevo León -> Stockton, California","San Nicolás de los Garza, Nuevo León","Stockton, California",2987541.0,,25.7481625,-100.2844842,37.9575104,-121.2924737,496.5721130371094,3.85374903678894,,OK,,2026-07-08T14:09:43
"san nicolas de los garza, nuevo leon -> waco, texas","San Nicolás de los Garza, Nuevo León -> Waco, Texas","San Nicolás de los Garza, Nuevo León","Waco, Texas",757986.0,,25.7481625,-100.2844842,31.5575916,-97.1289922,496.5721130371094,125.7617721557617,,OK,,2026-07-08T14:09:44
"san nicolas tlazala, estado de mexico -> tonala, jalisco","San Nicolás Tlazala, Estado de México -> Tonalá, Jalisco","San Nicolás Tlazala, Estado de México","Tonalá, Jalisco",487915.0,,19.2258642,-99.4606511,20.6237413,-103.2413723,2587.596435546875,1662.29296875,,OK,,2026-07-08T14:09:46
"san nicolas tlazala, estado de mexico -> zapopan, jalisco","San Nicolás Tlazala, Estado de México -> Zapopan, Jalisco","San Nicolás Tlazala, Estado de México","Zapopan, Jalisco",506307.0,,19.2258642,-99.4606511,20.6719563,-103.416501,2587.596435546875,1629.765258789062,,OK,,2026-07-08T14:09:47
"san pedro tlaquepaque, jalisco -> acatlan de juarez, jalisco","San Pedro Tlaquepaque, Jalisco -> Acatlán de Juárez, Jalisco","San Pedro Tlaquepaque, Jalisco","Acatlán de Juárez, Jalisco",46755.0,,20.6025191,-103.3361581,20.4216103,-103.5928664,1564.796630859375,1366.116821289062,,OK,,2026-07-08T14:09:49
"san pedro tlaquepaque, jalisco -> aguascalientes, aguascalientes","San Pedro Tlaquepaque, Jalisco -> Aguascalientes, Aguascalientes","San Pedro Tlaquepaque, Jalisco","Aguascalientes, Aguascalientes",219033.0,,20.6025191,-103.3361581,21.8852562,-102.2915677,1564.796630859375,1870.779296875,,OK,,2026-07-08T14:09:51
"san pedro tlaquepaque, jalisco -> apodaca, nuevo leon","San Pedro Tlaquepaque, Jalisco -> Apodaca, Nuevo León","San Pedro Tlaquepaque, Jalisco","Apodaca, Nuevo León",827856.0,,20.6025191,-103.3361581,25.776468,-100.1858743,1564.796630859375,430.6315002441406,,OK,,2026-07-08T14:09:53
"san pedro tlaquepaque, jalisco -> atlanta, georgia","San Pedro Tlaquepaque, Jalisco -> Atlanta, Georgia","San Pedro Tlaquepaque, Jalisco","Atlanta, Georgia",2801361.0,,20.6025191,-103.3361581,33.7501275,-84.3885209,1564.796630859375,317.6960754394531,,OK,,2026-07-08T14:09:55
"san pedro tlaquepaque, jalisco -> azcapotzalco, ciudad de mexico","San Pedro Tlaquepaque, Jalisco -> Azcapotzalco, Ciudad de México","San Pedro Tlaquepaque, Jalisco","Azcapotzalco, Ciudad de México",532884.0,,20.6025191,-103.3361581,19.4846606,-99.1886749,1564.796630859375,2247.478759765625,,OK,,2026-07-08T14:09:56
"san pedro tlaquepaque, jalisco -> bayboro, north carolina","San Pedro Tlaquepaque, Jalisco -> Bayboro, North Carolina","San Pedro Tlaquepaque, Jalisco","Bayboro, North Carolina",3627742.0,,20.6025191,-103.3361581,35.1429445,-76.77020929999999,1564.796630859375,2.518270492553711,,OK,,2026-07-08T14:09:58
"san pedro tlaquepaque, jalisco -> bloomington, california","San Pedro Tlaquepaque, Jalisco -> Bloomington, California","San Pedro Tlaquepaque, Jalisco","Bloomington, California",2453554.0,,20.6025191,-103.3361581,34.07029,-117.3958797,1564.796630859375,335.4642028808594,,OK,,2026-07-08T14:09:59
"san pedro tlaquepaque, jalisco -> chapala, jalisco","San Pedro Tlaquepaque, Jalisco -> Chapala, Jalisco","San Pedro Tlaquepaque, Jalisco","Chapala, Jalisco",41533.0,,20.6025191,-103.3361581,20.3051576,-103.1846016,1564.796630859375,1542.31005859375,,OK,,2026-07-08T14:10:01
"san pedro tlaquepaque, jalisco -> chiautla, estado de mexico","San Pedro Tlaquepaque, Jalisco -> Chiautla, Estado de México","San Pedro Tlaquepaque, Jalisco","Chiautla, Estado de México",549203.0,,20.6025191,-103.3361581,19.5511611,-98.8784712,1564.796630859375,2258.348876953125,,OK,,2026-07-08T14:10:02
"san pedro tlaquepaque, jalisco -> chino, california","San Pedro Tlaquepaque, Jalisco -> Chino, California","San Pedro Tlaquepaque, Jalisco","Chino, California",2480215.0,,20.6025191,-103.3361581,34.0136813,-117.6905621,1564.796630859375,221.2757873535156,,OK,,2026-07-08T14:10:04
"san pedro tlaquepaque, jalisco -> ciudad benito juarez, nuevo leon","San Pedro Tlaquepaque, Jalisco -> Ciudad Benito Juárez, Nuevo León","San Pedro Tlaquepaque, Jalisco","Ciudad Benito Juárez, Nuevo León",835265.0,,20.6025191,-103.3361581,25.6514322,-100.105239,1564.796630859375,393.7483520507812,,OK,,2026-07-08T14:10:06
"san pedro tlaquepaque, jalisco -> cuautitlan, estado de mexico","San Pedro Tlaquepaque, Jalisco -> Cuautitlán, Estado de México","San Pedro Tlaquepaque, Jalisco","Cuautitlán, Estado de México",515058.0,,20.6025191,-103.3361581,19.6695008,-99.1655054,1564.796630859375,2248.847412109375,,OK,,2026-07-08T14:10:07
"san pedro tlaquepaque, jalisco -> el salto, jalisco","San Pedro Tlaquepaque, Jalisco -> El Salto, Jalisco","San Pedro Tlaquepaque, Jalisco","El Salto, Jalisco",25090.0,,20.6025191,-103.3361581,20.5178271,-103.1826862,1564.796630859375,1527.1181640625,,OK,,2026-07-08T14:10:09
"san pedro tlaquepaque, jalisco -> ensenada, baja california","San Pedro Tlaquepaque, Jalisco -> Ensenada, Baja California","San Pedro Tlaquepaque, Jalisco","Ensenada, Baja California",2294870.0,,20.6025191,-103.3361581,31.8557021,-116.6057392,1564.796630859375,14.35856151580811,,OK,,2026-07-08T14:10:10
"san pedro tlaquepaque, jalisco -> goodyear, arizona","San Pedro Tlaquepaque, Jalisco -> Goodyear, Arizona","San Pedro Tlaquepaque, Jalisco","Goodyear, Arizona",1966127.0,,20.6025191,-103.3361581,33.4353394,-112.3576567,1564.796630859375,294.1314697265625,,OK,,2026-07-08T14:10:12
"san pedro tlaquepaque, jalisco -> guadalajara, jalisco","San Pedro Tlaquepaque, Jalisco -> Guadalajara, Jalisco","San Pedro Tlaquepaque, Jalisco","Guadalajara, Jalisco",13197.0,,20.6025191,-103.3361581,20.6751707,-103.3473385,1564.796630859375,1546.570434570312,,OK,,2026-07-08T14:10:13
"san pedro tlaquepaque, jalisco -> izucar de matamoros, puebla","San Pedro Tlaquepaque, Jalisco -> Izúcar de Matamoros, Puebla","San Pedro Tlaquepaque, Jalisco","Izúcar de Matamoros, Puebla",690986.0,,20.6025191,-103.3361581,18.6020947,-98.4657007,1564.796630859375,1289.9482421875,,OK,,2026-07-08T14:10:15
"san pedro tlaquepaque, jalisco -> kansas city, kansas","San Pedro Tlaquepaque, Jalisco -> Kansas City, Kansas","San Pedro Tlaquepaque, Jalisco","Kansas City, Kansas",2579071.0,,20.6025191,-103.3361581,39.11553139999999,-94.6267873,1564.796630859375,265.8414611816406,,OK,,2026-07-08T14:10:16
"san pedro tlaquepaque, jalisco -> kennewick, washington","San Pedro Tlaquepaque, Jalisco -> Kennewick, Washington","San Pedro Tlaquepaque, Jalisco","Kennewick, Washington",3875184.0,,20.6025191,-103.3361581,46.2086683,-119.119948,1564.796630859375,114.6648864746094,,OK,,2026-07-08T14:10:18
"san pedro tlaquepaque, jalisco -> la venta del astillero, jalisco","San Pedro Tlaquepaque, Jalisco -> La Venta del Astillero, Jalisco","San Pedro Tlaquepaque, Jalisco","La Venta del Astillero, Jalisco",34988.0,,20.6025191,-103.3361581,20.72564,-103.5462189,1564.796630859375,1623.311645507812,,OK,,2026-07-08T14:10:20
"san pedro tlaquepaque, jalisco -> lake elsinore, california","San Pedro Tlaquepaque, Jalisco -> Lake Elsinore, California","San Pedro Tlaquepaque, Jalisco","Lake Elsinore, California",2508955.0,,20.6025191,-103.3361581,33.6680447,-117.3276917,1564.796630859375,394.1467590332031,,OK,,2026-07-08T14:10:21
"san pedro tlaquepaque, jalisco -> laredo, texas","San Pedro Tlaquepaque, Jalisco -> Laredo, Texas","San Pedro Tlaquepaque, Jalisco","Laredo, Texas",1019904.0,,20.6025191,-103.3361581,27.5035613,-99.5075519,1564.796630859375,129.2351531982422,,OK,,2026-07-08T14:10:23
"san pedro tlaquepaque, jalisco -> los angeles, california","San Pedro Tlaquepaque, Jalisco -> Los Angeles, California","San Pedro Tlaquepaque, Jalisco","Los Angeles, California",2534020.0,,20.6025191,-103.3361581,34.0549076,-118.242643,1564.796630859375,95.03137969970705,,OK,,2026-07-08T14:10:24
"san pedro tlaquepaque, jalisco -> matamoros, tamaulipas","San Pedro Tlaquepaque, Jalisco -> Matamoros, Tamaulipas","San Pedro Tlaquepaque, Jalisco","Matamoros, Tamaulipas",986765.0,,20.6025191,-103.3361581,25.8690294,-97.5027376,1564.796630859375,10.20967102050781,,OK,,2026-07-08T14:10:26
"san pedro tlaquepaque, jalisco -> monroe, michigan","San Pedro Tlaquepaque, Jalisco -> Monroe, Michigan","San Pedro Tlaquepaque, Jalisco","Monroe, Michigan",3561623.0,,20.6025191,-103.3361581,41.9164343,-83.3977101,1564.796630859375,181.4037322998047,,OK,,2026-07-08T14:10:27
"san pedro tlaquepaque, jalisco -> mount jackson, virginia","San Pedro Tlaquepaque, Jalisco -> Mount Jackson, Virginia","San Pedro Tlaquepaque, Jalisco","Mount Jackson, Virginia",3622260.0,,20.6025191,-103.3361581,38.74594820000001,-78.6422377,1564.796630859375,279.6324462890625,,OK,,2026-07-08T14:10:29
"san pedro tlaquepaque, jalisco -> naucalpan de juarez, estado de mexico","San Pedro Tlaquepaque, Jalisco -> Naucalpan de Juárez, Estado de México","San Pedro Tlaquepaque, Jalisco","Naucalpan de Juárez, Estado de México",524536.0,,20.6025191,-103.3361581,19.4737133,-99.2336657,1564.796630859375,2266.69775390625,,OK,,2026-07-08T14:10:30
"san pedro tlaquepaque, jalisco -> nogales, sonora","San Pedro Tlaquepaque, Jalisco -> Nogales, Sonora","San Pedro Tlaquepaque, Jalisco","Nogales, Sonora",1645595.0,,20.6025191,-103.3361581,31.3011855,-110.9381047,1564.796630859375,1218.139892578125,,OK,,2026-07-08T14:10:32
"san pedro tlaquepaque, jalisco -> puebla, puebla","San Pedro Tlaquepaque, Jalisco -> Puebla, Puebla","San Pedro Tlaquepaque, Jalisco","Puebla, Puebla",666480.0,,20.6025191,-103.3361581,19.0414398,-98.2062727,1564.796630859375,2147.357421875,,OK,,2026-07-08T14:10:33
"san pedro tlaquepaque, jalisco -> queretaro, queretaro","San Pedro Tlaquepaque, Jalisco -> Querétaro, Querétaro","San Pedro Tlaquepaque, Jalisco","Querétaro, Querétaro",361338.0,,20.6025191,-103.3361581,20.5887932,-100.3898881,1564.796630859375,1816.216796875,,OK,,2026-07-08T14:10:35
"san pedro tlaquepaque, jalisco -> ramos arizpe, coahuila de zaragoza","San Pedro Tlaquepaque, Jalisco -> Ramos Arizpe, Coahuila de Zaragoza","San Pedro Tlaquepaque, Jalisco","Ramos Arizpe, Coahuila de Zaragoza",735817.0,,20.6025191,-103.3361581,25.5287851,-100.9518886,1564.796630859375,1415.503051757812,,OK,,2026-07-08T14:10:36
"san pedro tlaquepaque, jalisco -> rocky mount, virginia","San Pedro Tlaquepaque, Jalisco -> Rocky Mount, Virginia","San Pedro Tlaquepaque, Jalisco","Rocky Mount, Virginia",3452065.0,,20.6025191,-103.3361581,36.9976403,-79.8919774,1564.796630859375,346.3868713378906,,OK,,2026-07-08T14:10:38
"san pedro tlaquepaque, jalisco -> rogue river, oregon","San Pedro Tlaquepaque, Jalisco -> Rogue River, Oregon","San Pedro Tlaquepaque, Jalisco","Rogue River, Oregon",3673644.0,,20.6025191,-103.3361581,42.435954,-123.1719976,1564.796630859375,304.0863647460938,,OK,,2026-07-08T14:10:40
"san pedro tlaquepaque, jalisco -> san diego, california","San Pedro Tlaquepaque, Jalisco -> San Diego, California","San Pedro Tlaquepaque, Jalisco","San Diego, California",2409070.0,,20.6025191,-103.3361581,32.715738,-117.1610838,1564.796630859375,15.22497749328613,,OK,,2026-07-08T14:10:41
"san pedro tlaquepaque, jalisco -> san marcos de leon, veracruz de ignacio de la llave","San Pedro Tlaquepaque, Jalisco -> San Marcos de León, Veracruz de Ignacio de la Llave","San Pedro Tlaquepaque, Jalisco","San Marcos de León, Veracruz de Ignacio de la Llave",816896.0,,20.6025191,-103.3361581,19.4203113,-96.9665476,1564.796630859375,1121.17041015625,,OK,,2026-07-08T14:10:43
"san pedro tlaquepaque, jalisco -> san nicolas tlazala, estado de mexico","San Pedro Tlaquepaque, Jalisco -> San Nicolás Tlazala, Estado de México","San Pedro Tlaquepaque, Jalisco","San Nicolás Tlazala, Estado de México",497779.0,,20.6025191,-103.3361581,19.2258642,-99.4606511,1564.796630859375,2587.596435546875,,OK,,2026-07-08T14:10:44
"san pedro tlaquepaque, jalisco -> san pedro tlaquepaque, jalisco","San Pedro Tlaquepaque, Jalisco -> San Pedro Tlaquepaque, Jalisco","San Pedro Tlaquepaque, Jalisco","San Pedro Tlaquepaque, Jalisco",0.0,,20.6025191,-103.3361581,20.6025191,-103.3361581,1564.796630859375,1564.796630859375,,OK,,2026-07-08T14:10:46
"san pedro tlaquepaque, jalisco -> santa catarina, nuevo leon","San Pedro Tlaquepaque, Jalisco -> Santa Catarina, Nuevo León","San Pedro Tlaquepaque, Jalisco","Santa Catarina, Nuevo León",789599.0,,20.6025191,-103.3361581,25.6746058,-100.4423188,1564.796630859375,652.3250732421875,,OK,,2026-07-08T14:10:47
"san pedro tlaquepaque, jalisco -> santa cruz de las flores, jalisco","San Pedro Tlaquepaque, Jalisco -> Santa Cruz de las Flores, Jalisco","San Pedro Tlaquepaque, Jalisco","Santa Cruz de las Flores, Jalisco",30391.0,,20.6025191,-103.3361581,20.4898066,-103.4910611,1564.796630859375,1531.387939453125,,OK,,2026-07-08T14:10:48
"san pedro tlaquepaque, jalisco -> silao de la victoria, guanajuato","San Pedro Tlaquepaque, Jalisco -> Silao de la Victoria, Guanajuato","San Pedro Tlaquepaque, Jalisco","Silao de la Victoria, Guanajuato",248720.0,,20.6025191,-103.3361581,20.952141,-101.4282369,1564.796630859375,1780.1376953125,,OK,,2026-07-08T14:10:50
"san pedro tlaquepaque, jalisco -> tequila, jalisco","San Pedro Tlaquepaque, Jalisco -> Tequila, Jalisco","San Pedro Tlaquepaque, Jalisco","Tequila, Jalisco",76802.0,,20.6025191,-103.3361581,20.8819452,-103.8325001,1564.796630859375,1193.37158203125,,OK,,2026-07-08T14:10:51
"san pedro tlaquepaque, jalisco -> tijuana, baja california","San Pedro Tlaquepaque, Jalisco -> Tijuana, Baja California","San Pedro Tlaquepaque, Jalisco","Tijuana, Baja California",2235754.0,,20.6025191,-103.3361581,32.5331957,-117.0192784,1564.796630859375,22.42227745056152,,OK,,2026-07-08T14:10:53
"san pedro tlaquepaque, jalisco -> tlajomulco de zuniga, jalisco","San Pedro Tlaquepaque, Jalisco -> Tlajomulco de Zúñiga, Jalisco","San Pedro Tlaquepaque, Jalisco","Tlajomulco de Zúñiga, Jalisco",24599.0,,20.6025191,-103.3361581,20.4736865,-103.4479314,1564.796630859375,1585.729858398438,,OK,,2026-07-08T14:10:54
"san pedro tlaquepaque, jalisco -> tlalnepantla, estado de mexico","San Pedro Tlaquepaque, Jalisco -> Tlalnepantla, Estado de México","San Pedro Tlaquepaque, Jalisco","Tlalnepantla, Estado de México",524658.0,,20.6025191,-103.3361581,19.5360618,-99.1968306,1564.796630859375,2253.70654296875,,OK,,2026-07-08T14:10:56
"san pedro tlaquepaque, jalisco -> tonala, jalisco","San Pedro Tlaquepaque, Jalisco -> Tonalá, Jalisco","San Pedro Tlaquepaque, Jalisco","Tonalá, Jalisco",15190.0,,20.6025191,-103.3361581,20.6237413,-103.2413723,1564.796630859375,1662.29296875,,OK,,2026-07-08T14:10:57
"san pedro tlaquepaque, jalisco -> torrance, california","San Pedro Tlaquepaque, Jalisco -> Torrance, California","San Pedro Tlaquepaque, Jalisco","Torrance, California",2550402.0,,20.6025191,-103.3361581,33.8369217,-118.3407451,1564.796630859375,26.8826789855957,,OK,,2026-07-08T14:10:58
"san pedro tlaquepaque, jalisco -> tultitlan, estado de mexico","San Pedro Tlaquepaque, Jalisco -> Tultitlán, Estado de México","San Pedro Tlaquepaque, Jalisco","Tultitlán, Estado de México",517747.0,,20.6025191,-103.3361581,19.6392125,-99.1668646,1564.796630859375,2246.053955078125,,OK,,2026-07-08T14:11:00
"san pedro tlaquepaque, jalisco -> zapopan, jalisco","San Pedro Tlaquepaque, Jalisco -> Zapopan, Jalisco","San Pedro Tlaquepaque, Jalisco","Zapopan, Jalisco",18516.0,,20.6025191,-103.3361581,20.6719563,-103.416501,1564.796630859375,1629.765258789062,,OK,,2026-07-08T14:11:01
"san quintin, baja california -> zamora, michoacan de ocampo","San Quintín, Baja California -> Zamora, Michoacán de Ocampo","San Quintín, Baja California","Zamora, Michoacán de Ocampo",2497691.0,,30.56087669999999,-115.9379302,19.9901766,-102.2834075,27.49743461608887,1565.5,,OK,,2026-07-08T14:11:03
"santa catarina, nuevo leon -> alto, georgia","Santa Catarina, Nuevo León -> Alto, Georgia","Santa Catarina, Nuevo León","Alto, Georgia",2136866.0,,25.6746058,-100.4423188,34.4673222,-83.5737843,652.3250732421875,426.6234741210938,,OK,,2026-07-08T14:11:04
"santa catarina, nuevo leon -> andrews, texas","Santa Catarina, Nuevo León -> Andrews, Texas","Santa Catarina, Nuevo León","Andrews, Texas",954691.0,,25.6746058,-100.4423188,32.31871580000001,-102.5457155,652.3250732421875,967.9640502929688,,OK,,2026-07-08T14:11:05
"santa catarina, nuevo leon -> calhan, colorado","Santa Catarina, Nuevo León -> Calhan, Colorado","Santa Catarina, Nuevo León","Calhan, Colorado",1839328.0,,25.6746058,-100.4423188,39.0355459,-104.297186,652.3250732421875,1995.827270507812,,OK,,2026-07-08T14:11:07
"santa catarina, nuevo leon -> dothan, alabama","Santa Catarina, Nuevo León -> Dothan, Alabama","Santa Catarina, Nuevo León","Dothan, Alabama",1803392.0,,25.6746058,-100.4423188,31.2233594,-85.389326,652.3250732421875,97.41592407226562,,OK,,2026-07-08T14:11:09
"santa catarina, nuevo leon -> edinburg, texas","Santa Catarina, Nuevo León -> Edinburg, Texas","Santa Catarina, Nuevo León","Edinburg, Texas",271196.0,,25.6746058,-100.4423188,26.3017374,-98.1633432,652.3250732421875,28.75908660888672,,OK,,2026-07-08T14:11:11
"santa catarina, nuevo leon -> epsom, new hampshire","Santa Catarina, Nuevo León -> Epsom, New Hampshire","Santa Catarina, Nuevo León","Epsom, New Hampshire",3789033.0,,25.6746058,-100.4423188,43.2249396,-71.3445677,652.3250732421875,109.3881683349609,,OK,,2026-07-08T14:11:12
"santa catarina, nuevo leon -> forsyth, georgia","Santa Catarina, Nuevo León -> Forsyth, Georgia","Santa Catarina, Nuevo León","Forsyth, Georgia",2026829.0,,25.6746058,-100.4423188,33.0342974,-83.938242,652.3250732421875,218.048828125,,OK,,2026-07-08T14:11:14
"santa catarina, nuevo leon -> greenville, texas","Santa Catarina, Nuevo León -> Greenville, Texas","Santa Catarina, Nuevo León","Greenville, Texas",1013997.0,,25.6746058,-100.4423188,33.1398034,-96.1072021,652.3250732421875,166.1264953613281,,OK,,2026-07-08T14:11:16
"santa catarina, nuevo leon -> harrisonburg, virginia","Santa Catarina, Nuevo León -> Harrisonburg, Virginia","Santa Catarina, Nuevo León","Harrisonburg, Virginia",2801054.0,,25.6746058,-100.4423188,38.4460017,-78.8697826,652.3250732421875,402.4127807617188,,OK,,2026-07-08T14:11:17
"santa catarina, nuevo leon -> hobbs, new mexico","Santa Catarina, Nuevo León -> Hobbs, New Mexico","Santa Catarina, Nuevo León","Hobbs, New Mexico",1009970.0,,25.6746058,-100.4423188,32.7012285,-103.1343854,652.3250732421875,1103.885498046875,,OK,,2026-07-08T14:11:19
"santa catarina, nuevo leon -> huamantla, tlaxcala","Santa Catarina, Nuevo León -> Huamantla, Tlaxcala","Santa Catarina, Nuevo León","Huamantla, Tlaxcala",927773.0,,25.6746058,-100.4423188,19.3184941,-97.9233826,652.3250732421875,2502.7158203125,,OK,,2026-07-08T14:11:20
"santa catarina, nuevo leon -> laredo, texas","Santa Catarina, Nuevo León -> Laredo, Texas","Santa Catarina, Nuevo León","Laredo, Texas",238740.0,,25.6746058,-100.4423188,27.5035613,-99.5075519,652.3250732421875,129.2351531982422,,OK,,2026-07-08T14:11:22
"santa catarina, nuevo leon -> little rock, arkansas","Santa Catarina, Nuevo León -> Little Rock, Arkansas","Santa Catarina, Nuevo León","Little Rock, Arkansas",1441128.0,,25.6746058,-100.4423188,34.7428286,-92.2762904,652.3250732421875,90.5478744506836,,OK,,2026-07-08T14:11:23
"santa catarina, nuevo leon -> mcallen, texas","Santa Catarina, Nuevo León -> McAllen, Texas","Santa Catarina, Nuevo León","McAllen, Texas",253767.0,,25.6746058,-100.4423188,26.2034071,-98.2300124,652.3250732421875,37.85282135009766,,OK,,2026-07-08T14:11:25
"santa catarina, nuevo leon -> midland, texas","Santa Catarina, Nuevo León -> Midland, Texas","Santa Catarina, Nuevo León","Midland, Texas",871308.0,,25.6746058,-100.4423188,31.9995797,-102.0756701,652.3250732421875,845.2828369140625,,OK,,2026-07-08T14:11:27
"santa catarina, nuevo leon -> montrose, colorado","Santa Catarina, Nuevo León -> Montrose, Colorado","Santa Catarina, Nuevo León","Montrose, Colorado",1971064.0,,25.6746058,-100.4423188,38.4783198,-107.8761738,652.3250732421875,1771.171264648438,,OK,,2026-07-08T14:11:28
"santa catarina, nuevo leon -> puebla, puebla","Santa Catarina, Nuevo León -> Puebla, Puebla","Santa Catarina, Nuevo León","Puebla, Puebla",1014311.0,,25.6746058,-100.4423188,19.0414398,-98.2062727,652.3250732421875,2147.357421875,,OK,,2026-07-08T14:11:30
"santa catarina, nuevo leon -> ridgeland, mississippi","Santa Catarina, Nuevo León -> Ridgeland, Mississippi","Santa Catarina, Nuevo León","Ridgeland, Mississippi",1471889.0,,25.6746058,-100.4423188,32.4284761,-90.1323087,652.3250732421875,110.8569869995117,,OK,,2026-07-08T14:11:31
"santa catarina, nuevo leon -> sacramento, california","Santa Catarina, Nuevo León -> Sacramento, California","Santa Catarina, Nuevo León","Sacramento, California",3083590.0,,25.6746058,-100.4423188,38.5781342,-121.4944209,652.3250732421875,6.442596912384033,,OK,,2026-07-08T14:11:33
"santa catarina, nuevo leon -> san pedro tlaquepaque, jalisco","Santa Catarina, Nuevo León -> San Pedro Tlaquepaque, Jalisco","Santa Catarina, Nuevo León","San Pedro Tlaquepaque, Jalisco",793681.0,,25.6746058,-100.4423188,20.6025191,-103.3361581,652.3250732421875,1564.796630859375,,OK,,2026-07-08T14:11:34
"santa catarina, nuevo leon -> west columbia, south carolina","Santa Catarina, Nuevo León -> West Columbia, South Carolina","Santa Catarina, Nuevo León","West Columbia, South Carolina",2348576.0,,25.6746058,-100.4423188,33.9934867,-81.0739825,652.3250732421875,87.6112289428711,,OK,,2026-07-08T14:11:36
"santee, south carolina -> cuautla, morelos","Santee, South Carolina -> Cuautla, Morelos","Santee, South Carolina","Cuautla, Morelos",3236429.0,,33.4751634,-80.4864764,18.8126047,-98.9548261,41.81211853027344,1298.065551757812,,OK,,2026-07-08T14:11:37
"santiago de queretaro, queretaro -> aguascalientes, aguascalientes","Santiago de Querétaro, Querétaro -> Aguascalientes, Aguascalientes","Santiago de Querétaro, Querétaro","Aguascalientes, Aguascalientes",284763.0,,20.5887932,-100.3898881,21.8852562,-102.2915677,1816.216796875,1870.779296875,,OK,,2026-07-08T14:11:39
"santiago de queretaro, queretaro -> santiago de queretaro, queretaro","Santiago de Querétaro, Querétaro -> Santiago de Querétaro, Querétaro","Santiago de Querétaro, Querétaro","Santiago de Querétaro, Querétaro",0.0,,20.5887932,-100.3898881,20.5887932,-100.3898881,1816.216796875,1816.216796875,,OK,,2026-07-08T14:11:40
"santiago tianguistenco de galeana, estado de mexico -> aguascalientes, aguascalientes","Santiago Tianguistenco de Galeana, Estado de México -> Aguascalientes, Aguascalientes","Santiago Tianguistenco de Galeana, Estado de México","Aguascalientes, Aguascalientes",505418.0,,19.1804002,-99.467615,21.8852562,-102.2915677,2628.810302734375,1870.779296875,,OK,,2026-07-08T14:11:42
"santiago tianguistenco de galeana, estado de mexico -> apaseo el grande, guanajuato","Santiago Tianguistenco de Galeana, Estado de México -> Apaseo el Grande, Guanajuato","Santiago Tianguistenco de Galeana, Estado de México","Apaseo el Grande, Guanajuato",254012.0,,19.1804002,-99.467615,20.5446948,-100.6844284,2628.810302734375,1772.913452148438,,OK,,2026-07-08T14:11:44
"santiago tianguistenco de galeana, estado de mexico -> apodaca, nuevo leon","Santiago Tianguistenco de Galeana, Estado de México -> Apodaca, Nuevo León","Santiago Tianguistenco de Galeana, Estado de México","Apodaca, Nuevo León",940843.0,,19.1804002,-99.467615,25.776468,-100.1858743,2628.810302734375,430.6315002441406,,OK,,2026-07-08T14:11:46
"santiago tianguistenco de galeana, estado de mexico -> chihuahua, chihuahua","Santiago Tianguistenco de Galeana, Estado de México -> Chihuahua, Chihuahua","Santiago Tianguistenco de Galeana, Estado de México","Chihuahua, Chihuahua",1403224.0,,19.1804002,-99.467615,28.4854458,-105.7820674,2628.810302734375,1553.364013671875,,OK,,2026-07-08T14:11:47
"santiago tianguistenco de galeana, estado de mexico -> heroica veracruz, veracruz de ignacio de la llave","Santiago Tianguistenco de Galeana, Estado de México -> Heroica Veracruz, Veracruz de Ignacio de la Llave","Santiago Tianguistenco de Galeana, Estado de México","Heroica Veracruz, Veracruz de Ignacio de la Llave",449679.0,,19.1804002,-99.467615,19.173773,-96.1342241,2628.810302734375,4.375808238983154,,OK,,2026-07-08T14:11:48
"santiago tianguistenco de galeana, estado de mexico -> irapuato, guanajuato","Santiago Tianguistenco de Galeana, Estado de México -> Irapuato, Guanajuato","Santiago Tianguistenco de Galeana, Estado de México","Irapuato, Guanajuato",331187.0,,19.1804002,-99.467615,20.6781291,-101.3547266,2628.810302734375,1721.492065429688,,OK,,2026-07-08T14:11:50
"santiago tianguistenco de galeana, estado de mexico -> leon, guanajuato","Santiago Tianguistenco de Galeana, Estado de México -> León, Guanajuato","Santiago Tianguistenco de Galeana, Estado de México","León, Guanajuato",389436.0,,19.1804002,-99.467615,21.1250077,-101.6859605,2628.810302734375,1804.703125,,OK,,2026-07-08T14:11:51
"santiago tianguistenco de galeana, estado de mexico -> merida, yucatan","Santiago Tianguistenco de Galeana, Estado de México -> Mérida, Yucatán","Santiago Tianguistenco de Galeana, Estado de México","Mérida, Yucatán",1363404.0,,19.1804002,-99.467615,20.9673702,-89.5925857,2628.810302734375,9.383517265319824,,OK,,2026-07-08T14:11:53
"santiago tianguistenco de galeana, estado de mexico -> saltillo, coahuila de zaragoza","Santiago Tianguistenco de Galeana, Estado de México -> Saltillo, Coahuila de Zaragoza","Santiago Tianguistenco de Galeana, Estado de México","Saltillo, Coahuila de Zaragoza",852196.0,,19.1804002,-99.467615,25.4383234,-100.973678,2628.810302734375,1541.935180664062,,OK,,2026-07-08T14:11:54
"santiago tianguistenco de galeana, estado de mexico -> san pedro cholula, puebla","Santiago Tianguistenco de Galeana, Estado de México -> San Pedro Cholula, Puebla","Santiago Tianguistenco de Galeana, Estado de México","San Pedro Cholula, Puebla",179699.0,,19.1804002,-99.467615,19.0568652,-98.3052374,2628.810302734375,2143.7802734375,,OK,,2026-07-08T14:11:56
"santiago tianguistenco de galeana, estado de mexico -> san pedro tlaquepaque, jalisco","Santiago Tianguistenco de Galeana, Estado de México -> San Pedro Tlaquepaque, Jalisco","Santiago Tianguistenco de Galeana, Estado de México","San Pedro Tlaquepaque, Jalisco",502943.0,,19.1804002,-99.467615,20.6025191,-103.3361581,2628.810302734375,1564.796630859375,,OK,,2026-07-08T14:11:58
"santiago tianguistenco de galeana, estado de mexico -> tampico, tamaulipas","Santiago Tianguistenco de Galeana, Estado de México -> Tampico, Tamaulipas","Santiago Tianguistenco de Galeana, Estado de México","Tampico, Tamaulipas",496277.0,,19.1804002,-99.467615,22.2163428,-97.8580198,2628.810302734375,14.18401622772217,,OK,,2026-07-08T14:11:59
"santiago tianguistenco de galeana, estado de mexico -> tijuana, baja california","Santiago Tianguistenco de Galeana, Estado de México -> Tijuana, Baja California","Santiago Tianguistenco de Galeana, Estado de México","Tijuana, Baja California",2727439.0,,19.1804002,-99.467615,32.5331957,-117.0192784,2628.810302734375,22.42227745056152,,OK,,2026-07-08T14:12:01
"santiago tianguistenco de galeana, estado de mexico -> tlalnepantla de baz, estado de mexico","Santiago Tianguistenco de Galeana, Estado de México -> Tlalnepantla de Baz, Estado de México","Santiago Tianguistenco de Galeana, Estado de México","Tlalnepantla de Baz, Estado de México",76096.0,,19.1804002,-99.467615,19.5360618,-99.1968306,2628.810302734375,2253.70654296875,,OK,,2026-07-08T14:12:02
"santiago tianguistenco de galeana, estado de mexico -> torreon, coahuila de zaragoza","Santiago Tianguistenco de Galeana, Estado de México -> Torreón, Coahuila de Zaragoza","Santiago Tianguistenco de Galeana, Estado de México","Torreón, Coahuila de Zaragoza",997436.0,,19.1804002,-99.467615,25.5428443,-103.4067861,2628.810302734375,1128.250122070312,,OK,,2026-07-08T14:12:03
"santiago tianguistenco de galeana, estado de mexico -> zapopan, jalisco","Santiago Tianguistenco de Galeana, Estado de México -> Zapopan, Jalisco","Santiago Tianguistenco de Galeana, Estado de México","Zapopan, Jalisco",511421.0,,19.1804002,-99.467615,20.6719563,-103.416501,2628.810302734375,1629.765258789062,,OK,,2026-07-08T14:12:05
"saskatoon, saskatchewan -> brownsville, texas","Saskatoon, Saskatchewan -> Brownsville, Texas","Saskatoon, Saskatchewan","Brownsville, Texas",3505745.0,,52.1297282,-106.6596372,25.9017472,-97.4974838,482.6654052734375,10.56740665435791,,OK,,2026-07-08T14:12:07
"silao de la victoria, guanajuato -> ciudad de mexico, ciudad de mexico","Silao de la Victoria, Guanajuato -> Ciudad de México, Ciudad de México","Silao de la Victoria, Guanajuato","Ciudad de México, Ciudad de México",345312.0,,20.952141,-101.4282369,19.4326077,-99.133208,1780.1376953125,2229.72216796875,,OK,,2026-07-08T14:12:09
"silao de la victoria, guanajuato -> ciudad general escobedo, nuevo leon","Silao de la Victoria, Guanajuato -> Ciudad General Escobedo, Nuevo León","Silao de la Victoria, Guanajuato","Ciudad General Escobedo, Nuevo León",665344.0,,20.952141,-101.4282369,25.8002233,-100.3122083,1780.1376953125,499.1261596679688,,OK,,2026-07-08T14:12:11
"silao de la victoria, guanajuato -> el marques, queretaro","Silao de la Victoria, Guanajuato -> El Marqués, Querétaro","Silao de la Victoria, Guanajuato","El Marqués, Querétaro",151481.0,,20.952141,-101.4282369,20.6113606,-100.3288581,1780.1376953125,1869.805297851562,,OK,,2026-07-08T14:12:13
"silao de la victoria, guanajuato -> san pedro tlaquepaque, jalisco","Silao de la Victoria, Guanajuato -> San Pedro Tlaquepaque, Jalisco","Silao de la Victoria, Guanajuato","San Pedro Tlaquepaque, Jalisco",249572.0,,20.952141,-101.4282369,20.6025191,-103.3361581,1780.1376953125,1564.796630859375,,OK,,2026-07-08T14:12:15
"silao de la victoria, guanajuato -> silao de la victoria, guanajuato","Silao de la Victoria, Guanajuato -> Silao de la Victoria, Guanajuato","Silao de la Victoria, Guanajuato","Silao de la Victoria, Guanajuato",0.0,,20.952141,-101.4282369,20.952141,-101.4282369,1780.1376953125,1780.1376953125,,OK,,2026-07-08T14:12:16
"springfield, tennessee -> laredo, texas","Springfield, Tennessee -> Laredo, Texas","Springfield, Tennessee","Laredo, Texas",1801681.0,,36.5092118,-86.8849984,27.5035613,-99.5075519,203.7931518554688,129.2351531982422,,OK,,2026-07-08T14:12:18
"st. john, indiana -> laredo, texas","St. John, Indiana -> Laredo, Texas","St. John, Indiana","Laredo, Texas",2220021.0,,41.4500356,-87.4700381,27.5035613,-99.5075519,221.3019866943359,129.2351531982422,,OK,,2026-07-08T14:12:19
"stoneville, north carolina -> alamo, texas","Stoneville, North Carolina -> Alamo, Texas","Stoneville, North Carolina","Alamo, Texas",2413702.0,,36.4665269,-79.9069847,26.1836854,-98.1230638,250.5445098876953,32.00209045410156,,OK,,2026-07-08T14:12:21
"stoneville, north carolina -> laredo, texas","Stoneville, North Carolina -> Laredo, Texas","Stoneville, North Carolina","Laredo, Texas",2361679.0,,36.4665269,-79.9069847,27.5035613,-99.5075519,250.5445098876953,129.2351531982422,,OK,,2026-07-08T14:12:23
"sun valley, california -> mexicali, baja california","Sun Valley, California -> Mexicali, Baja California","Sun Valley, California","Mexicali, Baja California",391820.0,,34.2225413,-118.3878208,32.6249284,-115.4435754,255.5430145263672,5.183290004730225,,OK,,2026-07-08T14:12:25
"sun valley, california -> tlajomulco de zuniga, jalisco","Sun Valley, California -> Tlajomulco de Zúñiga, Jalisco","Sun Valley, California","Tlajomulco de Zúñiga, Jalisco",2566654.0,,34.2225413,-118.3878208,20.4736865,-103.4479314,255.5430145263672,1585.729858398438,,OK,,2026-07-08T14:12:27
"tala, jalisco -> azusa, california","Tala, Jalisco -> Azusa, California","Tala, Jalisco","Azusa, California",2493022.0,,20.6586258,-103.7045718,34.1336186,-117.9075627,1324.104370117188,184.1329193115234,,OK,,2026-07-08T14:12:28
"tala, jalisco -> centro, tabasco","Tala, Jalisco -> Centro, Tabasco","Tala, Jalisco","Centro, Tabasco",1400293.0,,20.6586258,-103.7045718,18.500789,-92.7018041,1324.104370117188,3.058070421218872,,OK,,2026-07-08T14:12:30
"tala, jalisco -> chicago, illinois","Tala, Jalisco -> Chicago, Illinois","Tala, Jalisco","Chicago, Illinois",3244514.0,,20.6586258,-103.7045718,41.88325,-87.6323879,1324.104370117188,183.0,,OK,,2026-07-08T14:12:32
"tala, jalisco -> chihuahua, chihuahua","Tala, Jalisco -> Chihuahua, Chihuahua","Tala, Jalisco","Chihuahua, Chihuahua",1187561.0,,20.6586258,-103.7045718,28.4854458,-105.7820674,1324.104370117188,1553.364013671875,,OK,,2026-07-08T14:12:33
"tala, jalisco -> cuautitlan izcalli, estado de mexico","Tala, Jalisco -> Cuautitlán Izcalli, Estado de México","Tala, Jalisco","Cuautitlán Izcalli, Estado de México",557382.0,,20.6586258,-103.7045718,19.6528089,-99.2231387,1324.104370117188,2277.62060546875,,OK,,2026-07-08T14:12:35
"tala, jalisco -> culiacan, sinaloa","Tala, Jalisco -> Culiacán, Sinaloa","Tala, Jalisco","Culiacán, Sinaloa",681193.0,,20.6586258,-103.7045718,24.8090649,-107.3940117,1324.104370117188,44.73824691772461,,OK,,2026-07-08T14:12:36
"tala, jalisco -> el salto, jalisco","Tala, Jalisco -> El Salto, Jalisco","Tala, Jalisco","El Salto, Jalisco",73564.0,,20.6586258,-103.7045718,20.5178271,-103.1826862,1324.104370117188,1527.1181640625,,OK,,2026-07-08T14:12:38
"tala, jalisco -> ensenada, baja california","Tala, Jalisco -> Ensenada, Baja California","Tala, Jalisco","Ensenada, Baja California",2280045.0,,20.6586258,-103.7045718,31.8557021,-116.6057392,1324.104370117188,14.35856151580811,,OK,,2026-07-08T14:12:40
"tala, jalisco -> imperial, california","Tala, Jalisco -> Imperial, California","Tala, Jalisco","Imperial, California",2222002.0,,20.6586258,-103.7045718,32.8475528,-115.5694391,1324.104370117188,-19.85012817382812,,OK,,2026-07-08T14:12:41
"tala, jalisco -> laredo, texas","Tala, Jalisco -> Laredo, Texas","Tala, Jalisco","Laredo, Texas",1065104.0,,20.6586258,-103.7045718,27.5035613,-99.5075519,1324.104370117188,129.2351531982422,,OK,,2026-07-08T14:12:43
"tala, jalisco -> mesquite, texas","Tala, Jalisco -> Mesquite, Texas","Tala, Jalisco","Mesquite, Texas",1768638.0,,20.6586258,-103.7045718,32.76679550000001,-96.5991593,1324.104370117188,152.9338684082031,,OK,,2026-07-08T14:12:44
"tala, jalisco -> mexicali, baja california","Tala, Jalisco -> Mexicali, Baja California","Tala, Jalisco","Mexicali, Baja California",2047330.0,,20.6586258,-103.7045718,32.6249284,-115.4435754,1324.104370117188,5.183290004730225,,OK,,2026-07-08T14:12:46
"tala, jalisco -> monterrey, nuevo leon","Tala, Jalisco -> Monterrey, Nuevo León","Tala, Jalisco","Monterrey, Nuevo León",852218.0,,20.6586258,-103.7045718,25.6866142,-100.3161126,1324.104370117188,541.4471435546875,,OK,,2026-07-08T14:12:47
"tala, jalisco -> puebla, puebla","Tala, Jalisco -> Puebla, Puebla","Tala, Jalisco","Puebla, Puebla",711680.0,,20.6586258,-103.7045718,19.0414398,-98.2062727,1324.104370117188,2147.357421875,,OK,,2026-07-08T14:12:49
"tala, jalisco -> salinas, california","Tala, Jalisco -> Salinas, California","Tala, Jalisco","Salinas, California",3004101.0,,20.6586258,-103.7045718,36.6777372,-121.6555013,1324.104370117188,16.20237159729004,,OK,,2026-07-08T14:12:51
"tala, jalisco -> san quintin, baja california","Tala, Jalisco -> San Quintín, Baja California","Tala, Jalisco","San Quintín, Baja California",2338118.0,,20.6586258,-103.7045718,30.56087669999999,-115.9379302,1324.104370117188,27.49743461608887,,OK,,2026-07-08T14:12:52
"tala, jalisco -> tijuana, baja california","Tala, Jalisco -> Tijuana, Baja California","Tala, Jalisco","Tijuana, Baja California",2220930.0,,20.6586258,-103.7045718,32.5331957,-117.0192784,1324.104370117188,22.42227745056152,,OK,,2026-07-08T14:12:54
"tala, jalisco -> tlajomulco de zuniga, jalisco","Tala, Jalisco -> Tlajomulco de Zúñiga, Jalisco","Tala, Jalisco","Tlajomulco de Zúñiga, Jalisco",42283.0,,20.6586258,-103.7045718,20.4736865,-103.4479314,1324.104370117188,1585.729858398438,,OK,,2026-07-08T14:12:55
"tala, jalisco -> villahermosa, tabasco","Tala, Jalisco -> Villahermosa, Tabasco","Tala, Jalisco","Villahermosa, Tabasco",1326854.0,,20.6586258,-103.7045718,17.989456,-92.9475061,1324.104370117188,20.52006149291992,,OK,,2026-07-08T14:12:57
"tala, jalisco -> zapopan, jalisco","Tala, Jalisco -> Zapopan, Jalisco","Tala, Jalisco","Zapopan, Jalisco",39011.0,,20.6586258,-103.7045718,20.6719563,-103.416501,1324.104370117188,1629.765258789062,,OK,,2026-07-08T14:12:58
"tecamac, estado de mexico -> zapopan, jalisco","Tecámac, Estado de México -> Zapopan, Jalisco","Tecámac, Estado de México","Zapopan, Jalisco",541417.0,,19.7122732,-98.9683073,20.6719563,-103.416501,2278.767822265625,1629.765258789062,,OK,,2026-07-08T14:13:00
"teoloyucan, estado de mexico -> san nicolas de los garza, nuevo leon","Teoloyucan, Estado de México -> San Nicolás de los Garza, Nuevo León","Teoloyucan, Estado de México","San Nicolás de los Garza, Nuevo León",874834.0,,19.7485555,-99.175823,25.7481625,-100.2844842,2250.02880859375,496.5721130371094,,OK,,2026-07-08T14:13:02
"tepatitlan de morelos, jalisco -> ciudad general escobedo, nuevo leon","Tepatitlán de Morelos, Jalisco -> Ciudad General Escobedo, Nuevo León","Tepatitlán de Morelos, Jalisco","Ciudad General Escobedo, Nuevo León",740294.0,,20.8098057,-102.7652326,25.8002233,-100.3122083,1793.47119140625,499.1261596679688,,OK,,2026-07-08T14:13:03
"tepatitlan de morelos, jalisco -> cordoba, veracruz de ignacio de la llave","Tepatitlán de Morelos, Jalisco -> Córdoba, Veracruz de Ignacio de la Llave","Tepatitlán de Morelos, Jalisco","Córdoba, Veracruz de Ignacio de la Llave",793637.0,,20.8098057,-102.7652326,18.8838909,-96.9237751,1793.47119140625,821.5255126953125,,OK,,2026-07-08T14:13:05
"tepatitlan de morelos, jalisco -> garcia, nuevo leon","Tepatitlán de Morelos, Jalisco -> García, Nuevo León","Tepatitlán de Morelos, Jalisco","García, Nuevo León",723740.0,,20.8098057,-102.7652326,25.801032,-100.5861995,1793.47119140625,700.55712890625,,OK,,2026-07-08T14:13:07
"tepatitlan de morelos, jalisco -> guadalajara, jalisco","Tepatitlán de Morelos, Jalisco -> Guadalajara, Jalisco","Tepatitlán de Morelos, Jalisco","Guadalajara, Jalisco",75607.0,,20.8098057,-102.7652326,20.6751707,-103.3473385,1793.47119140625,1546.570434570312,,OK,,2026-07-08T14:13:08
"tepatitlan de morelos, jalisco -> la laguna, hidalgo","Tepatitlán de Morelos, Jalisco -> La Laguna, Hidalgo","Tepatitlán de Morelos, Jalisco","La Laguna, Hidalgo",603533.0,,20.8098057,-102.7652326,21.2880228,-98.984407,1793.47119140625,847.1503295898438,,OK,,2026-07-08T14:13:10
"tepatitlan de morelos, jalisco -> laredo, texas","Tepatitlán de Morelos, Jalisco -> Laredo, Texas","Tepatitlán de Morelos, Jalisco","Laredo, Texas",950895.0,,20.8098057,-102.7652326,27.5035613,-99.5075519,1793.47119140625,129.2351531982422,,OK,,2026-07-08T14:13:11
"tepatitlan de morelos, jalisco -> merida, yucatan","Tepatitlán de Morelos, Jalisco -> Mérida, Yucatán","Tepatitlán de Morelos, Jalisco","Mérida, Yucatán",1814764.0,,20.8098057,-102.7652326,20.9673702,-89.5925857,1793.47119140625,9.383517265319824,,OK,,2026-07-08T14:13:13
"tepatitlan de morelos, jalisco -> pachuca de soto, hidalgo","Tepatitlán de Morelos, Jalisco -> Pachuca de Soto, Hidalgo","Tepatitlán de Morelos, Jalisco","Pachuca de Soto, Hidalgo",527259.0,,20.8098057,-102.7652326,20.1010608,-98.7591311,1793.47119140625,2381.79736328125,,OK,,2026-07-08T14:13:14
"tepatitlan de morelos, jalisco -> pedro escobedo, queretaro","Tepatitlán de Morelos, Jalisco -> Pedro Escobedo, Querétaro","Tepatitlán de Morelos, Jalisco","Pedro Escobedo, Querétaro",341014.0,,20.8098057,-102.7652326,20.5010443,-100.1395169,1793.47119140625,1916.568481445312,,OK,,2026-07-08T14:13:16
"tepatitlan de morelos, jalisco -> veracruz, veracruz de ignacio de la llave","Tepatitlán de Morelos, Jalisco -> Veracruz, Veracruz de Ignacio de la Llave","Tepatitlán de Morelos, Jalisco","Veracruz, Veracruz de Ignacio de la Llave",901039.0,,20.8098057,-102.7652326,19.173773,-96.1342241,1793.47119140625,4.375808238983154,,OK,,2026-07-08T14:13:18
"tepatitlan de morelos, jalisco -> villahermosa, tabasco","Tepatitlán de Morelos, Jalisco -> Villahermosa, Tabasco","Tepatitlán de Morelos, Jalisco","Villahermosa, Tabasco",1253962.0,,20.8098057,-102.7652326,17.989456,-92.9475061,1793.47119140625,20.52006149291992,,OK,,2026-07-08T14:13:19
"tepeji del rio de ocampo, hidalgo -> belton, south carolina","Tepeji del Río de Ocampo, Hidalgo -> Belton, South Carolina","Tepeji del Río de Ocampo, Hidalgo","Belton, South Carolina",3027528.0,,19.9049725,-99.3423037,34.5228881,-82.49429479999999,2140.3046875,267.013916015625,,OK,,2026-07-08T14:13:21
"tepeji del rio de ocampo, hidalgo -> rockingham, north carolina","Tepeji del Río de Ocampo, Hidalgo -> Rockingham, North Carolina","Tepeji del Río de Ocampo, Hidalgo","Rockingham, North Carolina",3320432.0,,19.9049725,-99.3423037,34.9393201,-79.7739457,2140.3046875,86.12254333496094,,OK,,2026-07-08T14:13:22
"tepeji del rio de ocampo, hidalgo -> thomaston, georgia","Tepeji del Río de Ocampo, Hidalgo -> Thomaston, Georgia","Tepeji del Río de Ocampo, Hidalgo","Thomaston, Georgia",2776012.0,,19.9049725,-99.3423037,32.8881879,-84.3265854,2140.3046875,229.4856872558594,,OK,,2026-07-08T14:13:24
"tepeji del rio de ocampo, hidalgo -> trion, georgia","Tepeji del Río de Ocampo, Hidalgo -> Trion, Georgia","Tepeji del Río de Ocampo, Hidalgo","Trion, Georgia",2799264.0,,19.9049725,-99.3423037,34.5439735,-85.31051110000001,2140.3046875,201.5462188720703,,OK,,2026-07-08T14:13:26
"tepeji del rio de ocampo, hidalgo -> vernon, california","Tepeji del Río de Ocampo, Hidalgo -> Vernon, California","Tepeji del Río de Ocampo, Hidalgo","Vernon, California",2966135.0,,19.9049725,-99.3423037,34.003903,-118.230073,2140.3046875,59.97916793823242,,OK,,2026-07-08T14:13:28
"tepic, nayarit -> altamira, tamaulipas","Tepic, Nayarit -> Altamira, Tamaulipas","Tepic, Nayarit","Altamira, Tamaulipas",990495.0,,21.5041651,-104.8945887,22.4077462,-97.9211555,935.0303955078124,25.66448402404785,,OK,,2026-07-08T14:13:30
"tepotzotlan, estado de mexico -> aguascalientes, aguascalientes","Tepotzotlán, Estado de México -> Aguascalientes, Aguascalientes","Tepotzotlán, Estado de México","Aguascalientes, Aguascalientes",449252.0,,19.7185096,-99.2065202,21.8852562,-102.2915677,2255.4853515625,1870.779296875,,OK,,2026-07-08T14:13:32
"tepotzotlan, estado de mexico -> beaverton, oregon","Tepotzotlán, Estado de México -> Beaverton, Oregon","Tepotzotlán, Estado de México","Beaverton, Oregon",4403843.0,,19.7185096,-99.2065202,45.4869283,-122.804032,2255.4853515625,59.50411605834961,,OK,,2026-07-08T14:13:33
"tepotzotlan, estado de mexico -> ciudad obregon, sonora","Tepotzotlán, Estado de México -> Ciudad Obregón, Sonora","Tepotzotlán, Estado de México","Ciudad Obregón, Sonora",1602898.0,,19.7185096,-99.2065202,27.4827729,-109.930367,2255.4853515625,39.09292984008789,,OK,,2026-07-08T14:13:35
"tepotzotlan, estado de mexico -> fairburn, georgia","Tepotzotlán, Estado de México -> Fairburn, Georgia","Tepotzotlán, Estado de México","Fairburn, Georgia",2804624.0,,19.7185096,-99.2065202,33.5670562,-84.5810418,2255.4853515625,314.8736572265625,,OK,,2026-07-08T14:13:37
"tepotzotlan, estado de mexico -> irapuato, guanajuato","Tepotzotlán, Estado de México -> Irapuato, Guanajuato","Tepotzotlán, Estado de México","Irapuato, Guanajuato",275022.0,,19.7185096,-99.2065202,20.6781291,-101.3547266,2255.4853515625,1721.492065429688,,OK,,2026-07-08T14:13:38
"tepotzotlan, estado de mexico -> laredo, texas","Tepotzotlán, Estado de México -> Laredo, Texas","Tepotzotlán, Estado de México","Laredo, Texas",1076399.0,,19.7185096,-99.2065202,27.5035613,-99.5075519,2255.4853515625,129.2351531982422,,OK,,2026-07-08T14:13:40
"tepotzotlan, estado de mexico -> leon, guanajuato","Tepotzotlán, Estado de México -> León, Guanajuato","Tepotzotlán, Estado de México","León, Guanajuato",333270.0,,19.7185096,-99.2065202,21.1250077,-101.6859605,2255.4853515625,1804.703125,,OK,,2026-07-08T14:13:41
"tepotzotlan, estado de mexico -> merida, yucatan","Tepotzotlán, Estado de México -> Mérida, Yucatán","Tepotzotlán, Estado de México","Mérida, Yucatán",1365331.0,,19.7185096,-99.2065202,20.9673702,-89.5925857,2255.4853515625,9.383517265319824,,OK,,2026-07-08T14:13:42
"tepotzotlan, estado de mexico -> monterrey, nuevo leon","Tepotzotlán, Estado de México -> Monterrey, Nuevo León","Tepotzotlán, Estado de México","Monterrey, Nuevo León",863513.0,,19.7185096,-99.2065202,25.6866142,-100.3161126,2255.4853515625,541.4471435546875,,OK,,2026-07-08T14:13:44
"tepotzotlan, estado de mexico -> perth amboy, new jersey","Tepotzotlán, Estado de México -> Perth Amboy, New Jersey","Tepotzotlán, Estado de México","Perth Amboy, New Jersey",4149327.0,,19.7185096,-99.2065202,40.5085909,-74.2678615,2255.4853515625,13.71870231628418,,OK,,2026-07-08T14:13:45
"tepotzotlan, estado de mexico -> queretaro, queretaro","Tepotzotlán, Estado de México -> Querétaro, Querétaro","Tepotzotlán, Estado de México","Querétaro, Querétaro",171376.0,,19.7185096,-99.2065202,20.5887932,-100.3898881,2255.4853515625,1816.216796875,,OK,,2026-07-08T14:13:47
"tepotzotlan, estado de mexico -> san nicolas de los garza, nuevo leon","Tepotzotlán, Estado de México -> San Nicolás de los Garza, Nuevo León","Tepotzotlán, Estado de México","San Nicolás de los Garza, Nuevo León",870250.0,,19.7185096,-99.2065202,25.7481625,-100.2844842,2255.4853515625,496.5721130371094,,OK,,2026-07-08T14:13:48
"tepotzotlan, estado de mexico -> tijuana, baja california","Tepotzotlán, Estado de México -> Tijuana, Baja California","Tepotzotlán, Estado de México","Tijuana, Baja California",2879380.0,,19.7185096,-99.2065202,32.5331957,-117.0192784,2255.4853515625,22.42227745056152,,OK,,2026-07-08T14:13:50
"tepotzotlan, estado de mexico -> tlajomulco de zuniga, jalisco","Tepotzotlán, Estado de México -> Tlajomulco de Zúñiga, Jalisco","Tepotzotlán, Estado de México","Tlajomulco de Zúñiga, Jalisco",549173.0,,19.7185096,-99.2065202,20.4736865,-103.4479314,2255.4853515625,1585.729858398438,,OK,,2026-07-08T14:13:51
"tepotzotlan, estado de mexico -> zapopan, jalisco","Tepotzotlán, Estado de México -> Zapopan, Jalisco","Tepotzotlán, Estado de México","Zapopan, Jalisco",511574.0,,19.7185096,-99.2065202,20.6719563,-103.416501,2255.4853515625,1629.765258789062,,OK,,2026-07-08T14:13:53
"tequila, jalisco -> princeton, minnesota","Tequila, Jalisco -> Princeton, Minnesota","Tequila, Jalisco","Princeton, Minnesota",3429698.0,,20.8819452,-103.8325001,45.569965,-93.5816278,1193.37158203125,297.1032409667969,,OK,,2026-07-08T14:13:54
"teterboro, new jersey -> goose creek, south carolina","Teterboro, New Jersey -> Goose Creek, South Carolina","Teterboro, New Jersey","Goose Creek, South Carolina",1204978.0,,40.861764,-74.058697,32.980497,-80.0323942,1.584590196609497,10.06051445007324,,OK,,2026-07-08T14:13:56
"tetla de la solidaridad, tlaxcala -> laredo, texas","Tetla de la Solidaridad, Tlaxcala -> Laredo, Texas","Tetla de la Solidaridad, Tlaxcala","Laredo, Texas",1112288.0,,19.4415302,-98.1051499,27.5035613,-99.5075519,2445.07177734375,129.2351531982422,,OK,,2026-07-08T14:13:57
"tifton, georgia -> cuautla, morelos","Tifton, Georgia -> Cuautla, Morelos","Tifton, Georgia","Cuautla, Morelos",2831411.0,,31.45278,-83.5104801,18.8126047,-98.9548261,110.6362915039062,1298.065551757812,,OK,,2026-07-08T14:13:59
"tijuana, baja california -> amherst, virginia","Tijuana, Baja California -> Amherst, Virginia","Tijuana, Baja California","Amherst, Virginia",4024422.0,,32.5331957,-117.0192784,37.5851412,-79.0514134,22.42227745056152,232.0521697998047,,OK,,2026-07-08T14:14:01
"tijuana, baja california -> brooklyn, ohio","Tijuana, Baja California -> Brooklyn, Ohio","Tijuana, Baja California","Brooklyn, Ohio",3810815.0,,32.5331957,-117.0192784,41.4301349,-81.7512107,22.42227745056152,235.2554626464844,,OK,,2026-07-08T14:14:02
"tijuana, baja california -> chalco, estado de mexico","Tijuana, Baja California -> Chalco, Estado de México","Tijuana, Baja California","Chalco, Estado de México",2805767.0,,32.5331957,-117.0192784,19.26244,-98.8969427,22.42227745056152,2243.8232421875,,OK,,2026-07-08T14:14:04
"tijuana, baja california -> cuautitlan izcalli, estado de mexico","Tijuana, Baja California -> Cuautitlán Izcalli, Estado de México","Tijuana, Baja California","Cuautitlán Izcalli, Estado de México",2734081.0,,32.5331957,-117.0192784,19.6528089,-99.2231387,22.42227745056152,2277.62060546875,,OK,,2026-07-08T14:14:06
"tijuana, baja california -> culiacan, sinaloa","Tijuana, Baja California -> Culiacán, Sinaloa","Tijuana, Baja California","Culiacán, Sinaloa",1569022.0,,32.5331957,-117.0192784,24.8090649,-107.3940117,22.42227745056152,44.73824691772461,,OK,,2026-07-08T14:14:08
"tijuana, baja california -> guadalajara, jalisco","Tijuana, Baja California -> Guadalajara, Jalisco","Tijuana, Baja California","Guadalajara, Jalisco",2224968.0,,32.5331957,-117.0192784,20.6751707,-103.3473385,22.42227745056152,1546.570434570312,,OK,,2026-07-08T14:14:09
"tijuana, baja california -> guadalupe, nuevo leon","Tijuana, Baja California -> Guadalupe, Nuevo León","Tijuana, Baja California","Guadalupe, Nuevo León",2352286.0,,32.5331957,-117.0192784,25.6748291,-100.2155063,22.42227745056152,474.9679870605469,,OK,,2026-07-08T14:14:10
"tijuana, baja california -> mexicali, baja california","Tijuana, Baja California -> Mexicali, Baja California","Tijuana, Baja California","Mexicali, Baja California",179131.0,,32.5331957,-117.0192784,32.6249284,-115.4435754,22.42227745056152,5.183290004730225,,OK,,2026-07-08T14:14:12
"tijuana, baja california -> monterrey, nuevo leon","Tijuana, Baja California -> Monterrey, Nuevo León","Tijuana, Baja California","Monterrey, Nuevo León",2345804.0,,32.5331957,-117.0192784,25.6866142,-100.3161126,22.42227745056152,541.4471435546875,,OK,,2026-07-08T14:14:14
"tijuana, baja california -> nogales, sonora","Tijuana, Baja California -> Nogales, Sonora","Tijuana, Baja California","Nogales, Sonora",778275.0,,32.5331957,-117.0192784,31.3011855,-110.9381047,22.42227745056152,1218.139892578125,,OK,,2026-07-08T14:14:15
"tijuana, baja california -> nuevo laredo, tamaulipas","Tijuana, Baja California -> Nuevo Laredo, Tamaulipas","Tijuana, Baja California","Nuevo Laredo, Tamaulipas",2132660.0,,32.5331957,-117.0192784,27.4779362,-99.549573,22.42227745056152,141.5451812744141,,OK,,2026-07-08T14:14:17
"tijuana, baja california -> pacific, missouri","Tijuana, Baja California -> Pacific, Missouri","Tijuana, Baja California","Pacific, Missouri",2871791.0,,32.5331957,-117.0192784,38.4819976,-90.7415194,22.42227745056152,141.9714813232422,,OK,,2026-07-08T14:14:19
"tijuana, baja california -> queretaro, queretaro","Tijuana, Baja California -> Querétaro, Querétaro","Tijuana, Baja California","Querétaro, Querétaro",2631925.0,,32.5331957,-117.0192784,20.5887932,-100.3898881,22.42227745056152,1816.216796875,,OK,,2026-07-08T14:14:20
"tijuana, baja california -> reynosa, tamaulipas","Tijuana, Baja California -> Reynosa, Tamaulipas","Tijuana, Baja California","Reynosa, Tamaulipas",2465013.0,,32.5331957,-117.0192784,26.0915309,-98.2777687,22.42227745056152,41.61340713500977,,OK,,2026-07-08T14:14:22
"tijuana, baja california -> rogers, arkansas","Tijuana, Baja California -> Rogers, Arkansas","Tijuana, Baja California","Rogers, Arkansas",2480234.0,,32.5331957,-117.0192784,36.3335129,-94.1256953,22.42227745056152,409.8367004394531,,OK,,2026-07-08T14:14:24
"tijuana, baja california -> san pedro tlaquepaque, jalisco","Tijuana, Baja California -> San Pedro Tlaquepaque, Jalisco","Tijuana, Baja California","San Pedro Tlaquepaque, Jalisco",2230042.0,,32.5331957,-117.0192784,20.6025191,-103.3361581,22.42227745056152,1564.796630859375,,OK,,2026-07-08T14:14:26
"tijuana, baja california -> shelby, ohio","Tijuana, Baja California -> Shelby, Ohio","Tijuana, Baja California","Shelby, Ohio",3710700.0,,32.5331957,-117.0192784,40.88144519999999,-82.6618424,22.42227745056152,335.5426940917969,,OK,,2026-07-08T14:14:27
"tijuana, baja california -> solon, ohio","Tijuana, Baja California -> Solon, Ohio","Tijuana, Baja California","Solon, Ohio",3827050.0,,32.5331957,-117.0192784,41.3897764,-81.44122589999999,22.42227745056152,316.4576721191406,,OK,,2026-07-08T14:14:29
"tijuana, baja california -> tlajomulco de zuniga, jalisco","Tijuana, Baja California -> Tlajomulco de Zúñiga, Jalisco","Tijuana, Baja California","Tlajomulco de Zúñiga, Jalisco",2241957.0,,32.5331957,-117.0192784,20.4736865,-103.4479314,22.42227745056152,1585.729858398438,,OK,,2026-07-08T14:14:30
"tijuana, baja california -> visalia, california","Tijuana, Baja California -> Visalia, California","Tijuana, Baja California","Visalia, California",520607.0,,32.5331957,-117.0192784,36.3301329,-119.2966367,22.42227745056152,100.2356109619141,,OK,,2026-07-08T14:14:32
"tijuana, baja california -> zapopan, jalisco","Tijuana, Baja California -> Zapopan, Jalisco","Tijuana, Baja California","Zapopan, Jalisco",2215710.0,,32.5331957,-117.0192784,20.6719563,-103.416501,22.42227745056152,1629.765258789062,,OK,,2026-07-08T14:14:33
"tizayuca, hidalgo -> tizayuca, hidalgo","Tizayuca, Hidalgo -> Tizayuca, Hidalgo","Tizayuca, Hidalgo","Tizayuca, Hidalgo",0.0,,19.8405004,-98.9801651,19.8405004,-98.9801651,2269.69775390625,2269.69775390625,,OK,,2026-07-08T14:14:34
"tlajomulco de zuniga, jalisco -> azcapotzalco, ciudad de mexico","Tlajomulco de Zúñiga, Jalisco -> Azcapotzalco, Ciudad de México","Tlajomulco de Zúñiga, Jalisco","Azcapotzalco, Ciudad de México",555759.0,,20.4736865,-103.4479314,19.4846606,-99.1886749,1585.729858398438,2247.478759765625,,OK,,2026-07-08T14:14:36
"tlajomulco de zuniga, jalisco -> chicoloapan, estado de mexico","Tlajomulco de Zúñiga, Jalisco -> Chicoloapan, Estado de México","Tlajomulco de Zúñiga, Jalisco","Chicoloapan, Estado de México",588161.0,,20.4736865,-103.4479314,19.4143591,-98.9062442,1585.729858398438,2248.060302734375,,OK,,2026-07-08T14:14:37
"tlajomulco de zuniga, jalisco -> cuautitlan izcalli, estado de mexico","Tlajomulco de Zúñiga, Jalisco -> Cuautitlán Izcalli, Estado de México","Tlajomulco de Zúñiga, Jalisco","Cuautitlán Izcalli, Estado de México",535057.0,,20.4736865,-103.4479314,19.6528089,-99.2231387,1585.729858398438,2277.62060546875,,OK,,2026-07-08T14:14:39
"tlajomulco de zuniga, jalisco -> culiacan, sinaloa","Tlajomulco de Zúñiga, Jalisco -> Culiacán, Sinaloa","Tlajomulco de Zúñiga, Jalisco","Culiacán, Sinaloa",704239.0,,20.4736865,-103.4479314,24.8090649,-107.3940117,1585.729858398438,44.73824691772461,,OK,,2026-07-08T14:14:40
"tlajomulco de zuniga, jalisco -> guadalajara, jalisco","Tlajomulco de Zúñiga, Jalisco -> Guadalajara, Jalisco","Tlajomulco de Zúñiga, Jalisco","Guadalajara, Jalisco",33528.0,,20.4736865,-103.4479314,20.6751707,-103.3473385,1585.729858398438,1546.570434570312,,OK,,2026-07-08T14:14:42
"tlajomulco de zuniga, jalisco -> huejotzingo, puebla","Tlajomulco de Zúñiga, Jalisco -> Huejotzingo, Puebla","Tlajomulco de Zúñiga, Jalisco","Huejotzingo, Puebla",670229.0,,20.4736865,-103.4479314,19.1589453,-98.4047163,1585.729858398438,2276.782470703125,,OK,,2026-07-08T14:14:44
"tlajomulco de zuniga, jalisco -> ignacio de la llave, veracruz de ignacio de la llave","Tlajomulco de Zúñiga, Jalisco -> Ignacio de la Llave, Veracruz de Ignacio de la Llave","Tlajomulco de Zúñiga, Jalisco","Ignacio de la Llave, Veracruz de Ignacio de la Llave",955058.0,,20.4736865,-103.4479314,18.7253172,-95.9864296,1585.729858398438,12.91026020050049,,OK,,2026-07-08T14:14:45
"tlajomulco de zuniga, jalisco -> laredo, texas","Tlajomulco de Zúñiga, Jalisco -> Laredo, Texas","Tlajomulco de Zúñiga, Jalisco","Laredo, Texas",1042779.0,,20.4736865,-103.4479314,27.5035613,-99.5075519,1585.729858398438,129.2351531982422,,OK,,2026-07-08T14:14:46
"tlajomulco de zuniga, jalisco -> lerma, estado de mexico","Tlajomulco de Zúñiga, Jalisco -> Lerma, Estado de México","Tlajomulco de Zúñiga, Jalisco","Lerma, Estado de México",511875.0,,20.4736865,-103.4479314,19.2913424,-99.5244687,1585.729858398438,2568.7001953125,,OK,,2026-07-08T14:14:49
"tlajomulco de zuniga, jalisco -> merida, yucatan","Tlajomulco de Zúñiga, Jalisco -> Mérida, Yucatán","Tlajomulco de Zúñiga, Jalisco","Mérida, Yucatán",1865331.0,,20.4736865,-103.4479314,20.9673702,-89.5925857,1585.729858398438,9.383517265319824,,OK,,2026-07-08T14:14:50
"tlajomulco de zuniga, jalisco -> naucalpan de juarez, estado de mexico","Tlajomulco de Zúñiga, Jalisco -> Naucalpan de Juárez, Estado de México","Tlajomulco de Zúñiga, Jalisco","Naucalpan de Juárez, Estado de México",547411.0,,20.4736865,-103.4479314,19.4737133,-99.2336657,1585.729858398438,2266.69775390625,,OK,,2026-07-08T14:14:53
"tlajomulco de zuniga, jalisco -> puebla, puebla","Tlajomulco de Zúñiga, Jalisco -> Puebla, Puebla","Tlajomulco de Zúñiga, Jalisco","Puebla, Puebla",689355.0,,20.4736865,-103.4479314,19.0414398,-98.2062727,1585.729858398438,2147.357421875,,OK,,2026-07-08T14:14:54
"tlajomulco de zuniga, jalisco -> queretaro, queretaro","Tlajomulco de Zúñiga, Jalisco -> Querétaro, Querétaro","Tlajomulco de Zúñiga, Jalisco","Querétaro, Querétaro",384214.0,,20.4736865,-103.4479314,20.5887932,-100.3898881,1585.729858398438,1816.216796875,,OK,,2026-07-08T14:14:55
"tlajomulco de zuniga, jalisco -> san juan bautista tuxtepec, oaxaca","Tlajomulco de Zúñiga, Jalisco -> San Juan Bautista Tuxtepec, Oaxaca","Tlajomulco de Zúñiga, Jalisco","San Juan Bautista Tuxtepec, Oaxaca",990529.0,,20.4736865,-103.4479314,18.0809028,-96.1420947,1585.729858398438,42.18463516235352,,OK,,2026-07-08T14:14:57
"tlajomulco de zuniga, jalisco -> san juan de los lagos, jalisco","Tlajomulco de Zúñiga, Jalisco -> San Juan de los Lagos, Jalisco","Tlajomulco de Zúñiga, Jalisco","San Juan de los Lagos, Jalisco",164191.0,,20.4736865,-103.4479314,21.2474689,-102.3316999,1585.729858398438,1726.9990234375,,OK,,2026-07-08T14:14:58
"tlajomulco de zuniga, jalisco -> san pedro tlaquepaque, jalisco","Tlajomulco de Zúñiga, Jalisco -> San Pedro Tlaquepaque, Jalisco","Tlajomulco de Zúñiga, Jalisco","San Pedro Tlaquepaque, Jalisco",23758.0,,20.4736865,-103.4479314,20.6025191,-103.3361581,1585.729858398438,1564.796630859375,,OK,,2026-07-08T14:15:00
"tlajomulco de zuniga, jalisco -> teoloyucan, estado de mexico","Tlajomulco de Zúñiga, Jalisco -> Teoloyucan, Estado de México","Tlajomulco de Zúñiga, Jalisco","Teoloyucan, Estado de México",531797.0,,20.4736865,-103.4479314,19.7485555,-99.175823,1585.729858398438,2250.02880859375,,OK,,2026-07-08T14:15:01
"tlajomulco de zuniga, jalisco -> tijuana, baja california","Tlajomulco de Zúñiga, Jalisco -> Tijuana, Baja California","Tlajomulco de Zúñiga, Jalisco","Tijuana, Baja California",2243975.0,,20.4736865,-103.4479314,32.5331957,-117.0192784,1585.729858398438,22.42227745056152,,OK,,2026-07-08T14:15:03
"tlajomulco de zuniga, jalisco -> toluca, estado de mexico","Tlajomulco de Zúñiga, Jalisco -> Toluca, Estado de México","Tlajomulco de Zúñiga, Jalisco","Toluca, Estado de México",493088.0,,20.4736865,-103.4479314,19.2826098,-99.6556653,1585.729858398438,2670.009765625,,OK,,2026-07-08T14:15:04
"tlajomulco de zuniga, jalisco -> tultepec, estado de mexico","Tlajomulco de Zúñiga, Jalisco -> Tultepec, Estado de México","Tlajomulco de Zúñiga, Jalisco","Tultepec, Estado de México",541179.0,,20.4736865,-103.4479314,19.6860054,-99.1260866,1585.729858398438,2249.831298828125,,OK,,2026-07-08T14:15:06
"tlajomulco de zuniga, jalisco -> veracruz, veracruz de ignacio de la llave","Tlajomulco de Zúñiga, Jalisco -> Veracruz, Veracruz de Ignacio de la Llave","Tlajomulco de Zúñiga, Jalisco","Veracruz, Veracruz de Ignacio de la Llave",951607.0,,20.4736865,-103.4479314,19.173773,-96.1342241,1585.729858398438,4.375808238983154,,OK,,2026-07-08T14:15:07
"tlajomulco de zuniga, jalisco -> villahermosa, tabasco","Tlajomulco de Zúñiga, Jalisco -> Villahermosa, Tabasco","Tlajomulco de Zúñiga, Jalisco","Villahermosa, Tabasco",1304529.0,,20.4736865,-103.4479314,17.989456,-92.9475061,1585.729858398438,20.52006149291992,,OK,,2026-07-08T14:15:09
"tlalnepantla, estado de mexico -> general escobedo, nuevo leon","Tlalnepantla, Estado de México -> General Escobedo, Nuevo León","Tlalnepantla, Estado de México","General Escobedo, Nuevo León",887852.0,,19.5360618,-99.1968306,25.8002233,-100.3122083,2253.70654296875,499.1261596679688,,OK,,2026-07-08T14:15:10
"tlalnepantla, estado de mexico -> monterrey, nuevo leon","Tlalnepantla, Estado de México -> Monterrey, Nuevo León","Tlalnepantla, Estado de México","Monterrey, Nuevo León",884830.0,,19.5360618,-99.1968306,25.6866142,-100.3161126,2253.70654296875,541.4471435546875,,OK,,2026-07-08T14:15:11
"toluca, estado de mexico -> aguascalientes, aguascalientes","Toluca, Estado de México -> Aguascalientes, Aguascalientes","Toluca, Estado de México","Aguascalientes, Aguascalientes",473093.0,,19.2826098,-99.6556653,21.8852562,-102.2915677,2670.009765625,1870.779296875,,OK,,2026-07-08T14:15:13
"toluca, estado de mexico -> apodaca, nuevo leon","Toluca, Estado de México -> Apodaca, Nuevo León","Toluca, Estado de México","Apodaca, Nuevo León",908518.0,,19.2826098,-99.6556653,25.776468,-100.1858743,2670.009765625,430.6315002441406,,OK,,2026-07-08T14:15:14
"toluca, estado de mexico -> chetumal, quintana roo","Toluca, Estado de México -> Chetumal, Quintana Roo","Toluca, Estado de México","Chetumal, Quintana Roo",1384937.0,,19.2826098,-99.6556653,18.5001889,-88.296146,2670.009765625,2.258429050445557,,OK,,2026-07-08T14:15:16
"toluca, estado de mexico -> chilon, chiapas","Toluca, Estado de México -> Chilón, Chiapas","Toluca, Estado de México","Chilón, Chiapas",992509.0,,19.2826098,-99.6556653,17.1046837,-92.2736561,2670.009765625,877.251708984375,,OK,,2026-07-08T14:15:18
"toluca, estado de mexico -> durango, durango","Toluca, Estado de México -> Durango, Durango","Toluca, Estado de México","Durango, Durango",934322.0,,19.2826098,-99.6556653,24.5592665,-104.6587821,2670.009765625,1936.18798828125,,OK,,2026-07-08T14:15:19
"toluca, estado de mexico -> guadalajara, jalisco","Toluca, Estado de México -> Guadalajara, Jalisco","Toluca, Estado de México","Guadalajara, Jalisco",473588.0,,19.2826098,-99.6556653,20.6751707,-103.3473385,2670.009765625,1546.570434570312,,OK,,2026-07-08T14:15:21
"toluca, estado de mexico -> hermosillo, sonora","Toluca, Estado de México -> Hermosillo, Sonora","Toluca, Estado de México","Hermosillo, Sonora",1823253.0,,19.2826098,-99.6556653,29.0729673,-110.9559192,2670.009765625,202.4286193847656,,OK,,2026-07-08T14:15:22
"toluca, estado de mexico -> irapuato, guanajuato","Toluca, Estado de México -> Irapuato, Guanajuato","Toluca, Estado de México","Irapuato, Guanajuato",298863.0,,19.2826098,-99.6556653,20.6781291,-101.3547266,2670.009765625,1721.492065429688,,OK,,2026-07-08T14:15:24
"toluca, estado de mexico -> merida, yucatan","Toluca, Estado de México -> Mérida, Yucatán","Toluca, Estado de México","Mérida, Yucatán",1370921.0,,19.2826098,-99.6556653,20.9673702,-89.5925857,2670.009765625,9.383517265319824,,OK,,2026-07-08T14:15:25
"toluca, estado de mexico -> monterrey, nuevo leon","Toluca, Estado de México -> Monterrey, Nuevo León","Toluca, Estado de México","Monterrey, Nuevo León",887680.0,,19.2826098,-99.6556653,25.6866142,-100.3161126,2670.009765625,541.4471435546875,,OK,,2026-07-08T14:15:26
"toluca, estado de mexico -> puebla, puebla","Toluca, Estado de México -> Puebla, Puebla","Toluca, Estado de México","Puebla, Puebla",194944.0,,19.2826098,-99.6556653,19.0414398,-98.2062727,2670.009765625,2147.357421875,,OK,,2026-07-08T14:15:28
"toluca, estado de mexico -> queretaro, queretaro","Toluca, Estado de México -> Querétaro, Querétaro","Toluca, Estado de México","Querétaro, Querétaro",195543.0,,19.2826098,-99.6556653,20.5887932,-100.3898881,2670.009765625,1816.216796875,,OK,,2026-07-08T14:15:30
"toluca, estado de mexico -> silao de la victoria, guanajuato","Toluca, Estado de México -> Silao de la Victoria, Guanajuato","Toluca, Estado de México","Silao de la Victoria, Guanajuato",330081.0,,19.2826098,-99.6556653,20.952141,-101.4282369,2670.009765625,1780.1376953125,,OK,,2026-07-08T14:15:31
"toluca, estado de mexico -> tepic, nayarit","Toluca, Estado de México -> Tepic, Nayarit","Toluca, Estado de México","Tepic, Nayarit",675450.0,,19.2826098,-99.6556653,21.5041651,-104.8945887,2670.009765625,935.0303955078124,,OK,,2026-07-08T14:15:33
"toluca, estado de mexico -> tlajomulco de zuniga, jalisco","Toluca, Estado de México -> Tlajomulco de Zúñiga, Jalisco","Toluca, Estado de México","Tlajomulco de Zúñiga, Jalisco",516695.0,,19.2826098,-99.6556653,20.4736865,-103.4479314,2670.009765625,1585.729858398438,,OK,,2026-07-08T14:15:34
"toluca, estado de mexico -> zapopan, jalisco","Toluca, Estado de México -> Zapopan, Jalisco","Toluca, Estado de México","Zapopan, Jalisco",479096.0,,19.2826098,-99.6556653,20.6719563,-103.416501,2670.009765625,1629.765258789062,,OK,,2026-07-08T14:15:36
"tonala, jalisco -> aguascalientes, aguascalientes","Tonalá, Jalisco -> Aguascalientes, Aguascalientes","Tonalá, Jalisco","Aguascalientes, Aguascalientes",208420.0,,20.6237413,-103.2413723,21.8852562,-102.2915677,1662.29296875,1870.779296875,,OK,,2026-07-08T14:15:37
"tonala, jalisco -> amatitan, jalisco","Tonalá, Jalisco -> Amatitán, Jalisco","Tonalá, Jalisco","Amatitán, Jalisco",63134.0,,20.6237413,-103.2413723,20.8364544,-103.7318129,1662.29296875,1250.440063476562,,OK,,2026-07-08T14:15:39
"tonala, jalisco -> guadalajara, jalisco","Tonalá, Jalisco -> Guadalajara, Jalisco","Tonalá, Jalisco","Guadalajara, Jalisco",16372.0,,20.6237413,-103.2413723,20.6751707,-103.3473385,1662.29296875,1546.570434570312,,OK,,2026-07-08T14:15:41
"tonala, jalisco -> san nicolas tlazala, estado de mexico","Tonalá, Jalisco -> San Nicolás Tlazala, Estado de México","Tonalá, Jalisco","San Nicolás Tlazala, Estado de México",487165.0,,20.6237413,-103.2413723,19.2258642,-99.4606511,1662.29296875,2587.596435546875,,OK,,2026-07-08T14:15:42
"tonala, jalisco -> san pedro tlaquepaque, jalisco","Tonalá, Jalisco -> San Pedro Tlaquepaque, Jalisco","Tonalá, Jalisco","San Pedro Tlaquepaque, Jalisco",13402.0,,20.6237413,-103.2413723,20.6025191,-103.3361581,1662.29296875,1564.796630859375,,OK,,2026-07-08T14:15:44
"tonala, jalisco -> tequila, jalisco","Tonalá, Jalisco -> Tequila, Jalisco","Tonalá, Jalisco","Tequila, Jalisco",78946.0,,20.6237413,-103.2413723,20.8819452,-103.8325001,1662.29296875,1193.37158203125,,OK,,2026-07-08T14:15:45
"tonala, jalisco -> tonala, jalisco","Tonalá, Jalisco -> Tonalá, Jalisco","Tonalá, Jalisco","Tonalá, Jalisco",0.0,,20.6237413,-103.2413723,20.6237413,-103.2413723,1662.29296875,1662.29296875,,OK,,2026-07-08T14:15:47
"tonala, jalisco -> zapopan, jalisco","Tonalá, Jalisco -> Zapopan, Jalisco","Tonalá, Jalisco","Zapopan, Jalisco",21880.0,,20.6237413,-103.2413723,20.6719563,-103.416501,1662.29296875,1629.765258789062,,OK,,2026-07-08T14:15:48
"trenton, new jersey -> laredo, texas","Trenton, New Jersey -> Laredo, Texas","Trenton, New Jersey","Laredo, Texas",3056595.0,,40.2201787,-74.7642295,27.5035613,-99.5075519,14.75770950317383,129.2351531982422,,OK,,2026-07-08T14:15:50
"troy, michigan -> delicias, chihuahua","Troy, Michigan -> Delicias, Chihuahua","Troy, Michigan","Delicias, Chihuahua",3094816.0,,42.6064095,-83.1497751,28.1871201,-105.4595306,227.9102783203125,1184.789306640625,,OK,,2026-07-08T14:15:52
"tulare, california -> el paso, texas","Tulare, California -> El Paso, Texas","Tulare, California","El Paso, Texas",1567301.0,,36.2077288,-119.3473379,31.7618778,-106.4850217,85.66121673583984,1132.736206054688,,OK,,2026-07-08T14:15:53
"tultitlan, estado de mexico -> acatlan de juarez, jalisco","Tultitlán, Estado de México -> Acatlán de Juárez, Jalisco","Tultitlán, Estado de México","Acatlán de Juárez, Jalisco",557971.0,,19.6392125,-99.1668646,20.4216103,-103.5928664,2246.053955078125,1366.116821289062,,OK,,2026-07-08T14:15:55
"tultitlan, estado de mexico -> ciudad general escobedo, nuevo leon","Tultitlán, Estado de México -> Ciudad General Escobedo, Nuevo León","Tultitlán, Estado de México","Ciudad General Escobedo, Nuevo León",879562.0,,19.6392125,-99.1668646,25.8002233,-100.3122083,2246.053955078125,499.1261596679688,,OK,,2026-07-08T14:15:56
"tultitlan, estado de mexico -> iowa, louisiana","Tultitlán, Estado de México -> Iowa, Louisiana","Tultitlán, Estado de México","Iowa, Louisiana",1743693.0,,19.6392125,-99.1668646,30.2368292,-93.01363990000002,2246.053955078125,6.77202844619751,,OK,,2026-07-08T14:15:57
"tultitlan, estado de mexico -> leon, guanajuato","Tultitlán, Estado de México -> León, Guanajuato","Tultitlán, Estado de México","León, Guanajuato",346297.0,,19.6392125,-99.1668646,21.1250077,-101.6859605,2246.053955078125,1804.703125,,OK,,2026-07-08T14:15:59
"tultitlan, estado de mexico -> monterrey, nuevo leon","Tultitlán, Estado de México -> Monterrey, Nuevo León","Tultitlán, Estado de México","Monterrey, Nuevo León",876539.0,,19.6392125,-99.1668646,25.6866142,-100.3161126,2246.053955078125,541.4471435546875,,OK,,2026-07-08T14:16:00
"tultitlan, estado de mexico -> muscle shoals, alabama","Tultitlán, Estado de México -> Muscle Shoals, Alabama","Tultitlán, Estado de México","Muscle Shoals, Alabama",2641023.0,,19.6392125,-99.1668646,34.7448112,-87.66752919999999,2246.053955078125,152.7047576904297,,OK,,2026-07-08T14:16:02
"tultitlan, estado de mexico -> pachuca de soto, hidalgo","Tultitlán, Estado de México -> Pachuca de Soto, Hidalgo","Tultitlán, Estado de México","Pachuca de Soto, Hidalgo",91870.0,,19.6392125,-99.1668646,20.1010608,-98.7591311,2246.053955078125,2381.79736328125,,OK,,2026-07-08T14:16:03
"tultitlan, estado de mexico -> papalotla, estado de mexico","Tultitlán, Estado de México -> Papalotla, Estado de México","Tultitlán, Estado de México","Papalotla, Estado de México",52206.0,,19.6392125,-99.1668646,19.5563141,-98.8555736,2246.053955078125,2265.175048828125,,OK,,2026-07-08T14:16:05
"tultitlan, estado de mexico -> queretaro, queretaro","Tultitlán, Estado de México -> Querétaro, Querétaro","Tultitlán, Estado de México","Querétaro, Querétaro",184402.0,,19.6392125,-99.1668646,20.5887932,-100.3898881,2246.053955078125,1816.216796875,,OK,,2026-07-08T14:16:06
"tultitlan, estado de mexico -> russellville, kentucky","Tultitlán, Estado de México -> Russellville, Kentucky","Tultitlán, Estado de México","Russellville, Kentucky",2928605.0,,19.6392125,-99.1668646,36.8453199,-86.887219,2246.053955078125,181.8478698730469,,OK,,2026-07-08T14:16:08
"tultitlan, estado de mexico -> saltillo, coahuila de zaragoza","Tultitlán, Estado de México -> Saltillo, Coahuila de Zaragoza","Tultitlán, Estado de México","Saltillo, Coahuila de Zaragoza",808731.0,,19.6392125,-99.1668646,25.4383234,-100.973678,2246.053955078125,1541.935180664062,,OK,,2026-07-08T14:16:09
"tultitlan, estado de mexico -> santa catarina, nuevo leon","Tultitlán, Estado de México -> Santa Catarina, Nuevo León","Tultitlán, Estado de México","Santa Catarina, Nuevo León",859859.0,,19.6392125,-99.1668646,25.6746058,-100.4423188,2246.053955078125,652.3250732421875,,OK,,2026-07-08T14:16:11
"tultitlan, estado de mexico -> tultitlan, estado de mexico","Tultitlán, Estado de México -> Tultitlán, Estado de México","Tultitlán, Estado de México","Tultitlán, Estado de México",0.0,,19.6392125,-99.1668646,19.6392125,-99.1668646,2246.053955078125,2246.053955078125,,OK,,2026-07-08T14:16:12
"tultitlan, estado de mexico -> zapopan, jalisco","Tultitlán, Estado de México -> Zapopan, Jalisco","Tultitlán, Estado de México","Zapopan, Jalisco",524601.0,,19.6392125,-99.1668646,20.6719563,-103.416501,2246.053955078125,1629.765258789062,,OK,,2026-07-08T14:16:14
"urbana, ohio -> guadalajara, jalisco","Urbana, Ohio -> Guadalajara, Jalisco","Urbana, Ohio","Guadalajara, Jalisco",3361765.0,,40.1083912,-83.7524298,20.6751707,-103.3473385,320.2627868652344,1546.570434570312,,OK,,2026-07-08T14:16:15
"urbana, ohio -> irapuato, guanajuato","Urbana, Ohio -> Irapuato, Guanajuato","Urbana, Ohio","Irapuato, Guanajuato",3253739.0,,40.1083912,-83.7524298,20.6781291,-101.3547266,320.2627868652344,1721.492065429688,,OK,,2026-07-08T14:16:16
"urbana, ohio -> san nicolas tlazala, estado de mexico","Urbana, Ohio -> San Nicolás Tlazala, Estado de México","Urbana, Ohio","San Nicolás Tlazala, Estado de México",3471144.0,,40.1083912,-83.7524298,19.2258642,-99.4606511,320.2627868652344,2587.596435546875,,OK,,2026-07-08T14:16:18
"urbana, ohio -> tala, jalisco","Urbana, Ohio -> Tala, Jalisco","Urbana, Ohio","Tala, Jalisco",3404883.0,,40.1083912,-83.7524298,20.6586258,-103.7045718,320.2627868652344,1324.104370117188,,OK,,2026-07-08T14:16:19
"valparaiso, indiana -> laredo, texas","Valparaiso, Indiana -> Laredo, Texas","Valparaiso, Indiana","Laredo, Texas",2272167.0,,41.4730948,-87.0611412,27.5035613,-99.5075519,242.7269287109375,129.2351531982422,,OK,,2026-07-08T14:16:21
"veracruz, veracruz de ignacio de la llave -> altamira, tamaulipas","Veracruz, Veracruz de Ignacio de la Llave -> Altamira, Tamaulipas","Veracruz, Veracruz de Ignacio de la Llave","Altamira, Tamaulipas",460302.0,,19.173773,-96.1342241,22.4077462,-97.9211555,4.375808238983154,25.66448402404785,,OK,,2026-07-08T14:16:22
"veracruz, veracruz de ignacio de la llave -> azcapotzalco, ciudad de mexico","Veracruz, Veracruz de Ignacio de la Llave -> Azcapotzalco, Ciudad de México","Veracruz, Veracruz de Ignacio de la Llave","Azcapotzalco, Ciudad de México",415074.0,,19.173773,-96.1342241,19.4846606,-99.1886749,4.375808238983154,2247.478759765625,,OK,,2026-07-08T14:16:24
"veracruz, veracruz de ignacio de la llave -> ciudad de mexico, ciudad de mexico","Veracruz, Veracruz de Ignacio de la Llave -> Ciudad de México, Ciudad de México","Veracruz, Veracruz de Ignacio de la Llave","Ciudad de México, Ciudad de México",403892.0,,19.173773,-96.1342241,19.4326077,-99.133208,4.375808238983154,2229.72216796875,,OK,,2026-07-08T14:16:25
"veracruz, veracruz de ignacio de la llave -> ciudad victoria, tamaulipas","Veracruz, Veracruz de Ignacio de la Llave -> Ciudad Victoria, Tamaulipas","Veracruz, Veracruz de Ignacio de la Llave","Ciudad Victoria, Tamaulipas",678103.0,,19.173773,-96.1342241,23.7369164,-99.1411154,4.375808238983154,313.2961730957031,,OK,,2026-07-08T14:16:28
"veracruz, veracruz de ignacio de la llave -> cuautitlan izcalli, estado de mexico","Veracruz, Veracruz de Ignacio de la Llave -> Cuautitlán Izcalli, Estado de México","Veracruz, Veracruz de Ignacio de la Llave","Cuautitlán Izcalli, Estado de México",430538.0,,19.173773,-96.1342241,19.6528089,-99.2231387,4.375808238983154,2277.62060546875,,OK,,2026-07-08T14:16:29
"veracruz, veracruz de ignacio de la llave -> huichihuayan, san luis potosi","Veracruz, Veracruz de Ignacio de la Llave -> Huichihuayán, San Luis Potosí","Veracruz, Veracruz de Ignacio de la Llave","Huichihuayán, San Luis Potosí",618927.0,,19.173773,-96.1342241,21.481824,-98.9675903,4.375808238983154,101.6526031494141,,OK,,2026-07-08T14:16:31
"veracruz, veracruz de ignacio de la llave -> martinez de la torre, veracruz de ignacio de la llave","Veracruz, Veracruz de Ignacio de la Llave -> Martínez de la Torre, Veracruz de Ignacio de la Llave","Veracruz, Veracruz de Ignacio de la Llave","Martínez de la Torre, Veracruz de Ignacio de la Llave",177471.0,,19.173773,-96.1342241,20.0624883,-97.055643,4.375808238983154,68.94474792480469,,OK,,2026-07-08T14:16:32
"veracruz, veracruz de ignacio de la llave -> queretaro, queretaro","Veracruz, Veracruz de Ignacio de la Llave -> Querétaro, Querétaro","Veracruz, Veracruz de Ignacio de la Llave","Querétaro, Querétaro",570447.0,,19.173773,-96.1342241,20.5887932,-100.3898881,4.375808238983154,1816.216796875,,OK,,2026-07-08T14:16:33
"veracruz, veracruz de ignacio de la llave -> san juan del rio, queretaro","Veracruz, Veracruz de Ignacio de la Llave -> San Juan del Río, Querétaro","Veracruz, Veracruz de Ignacio de la Llave","San Juan del Río, Querétaro",520874.0,,19.173773,-96.1342241,20.3951106,-99.9856344,4.375808238983154,1920.125122070312,,OK,,2026-07-08T14:16:35
"veracruz, veracruz de ignacio de la llave -> san luis potosi, san luis potosi","Veracruz, Veracruz de Ignacio de la Llave -> San Luis Potosí, San Luis Potosí","Veracruz, Veracruz de Ignacio de la Llave","San Luis Potosí, San Luis Potosí",764714.0,,19.173773,-96.1342241,22.1520892,-100.9733024,4.375808238983154,1865.477172851562,,OK,,2026-07-08T14:16:36
"veracruz, veracruz de ignacio de la llave -> san nicolas tlazala, estado de mexico","Veracruz, Veracruz de Ignacio de la Llave -> San Nicolás Tlazala, Estado de México","Veracruz, Veracruz de Ignacio de la Llave","San Nicolás Tlazala, Estado de México",457517.0,,19.173773,-96.1342241,19.2258642,-99.4606511,4.375808238983154,2587.596435546875,,OK,,2026-07-08T14:16:39
"veracruz, veracruz de ignacio de la llave -> silao de la victoria, guanajuato","Veracruz, Veracruz de Ignacio de la Llave -> Silao de la Victoria, Guanajuato","Veracruz, Veracruz de Ignacio de la Llave","Silao de la Victoria, Guanajuato",705312.0,,19.173773,-96.1342241,20.952141,-101.4282369,4.375808238983154,1780.1376953125,,OK,,2026-07-08T14:16:42
"veracruz, veracruz de ignacio de la llave -> tlalnepantla, estado de mexico","Veracruz, Veracruz de Ignacio de la Llave -> Tlalnepantla, Estado de México","Veracruz, Veracruz de Ignacio de la Llave","Tlalnepantla, Estado de México",423974.0,,19.173773,-96.1342241,19.5360618,-99.1968306,4.375808238983154,2253.70654296875,,OK,,2026-07-08T14:16:43
"veracruz, veracruz de ignacio de la llave -> tlaxcala, tlaxcala","Veracruz, Veracruz de Ignacio de la Llave -> Tlaxcala, Tlaxcala","Veracruz, Veracruz de Ignacio de la Llave","Tlaxcala, Tlaxcala",283775.0,,19.173773,-96.1342241,19.318154,-98.2374954,4.375808238983154,2233.779052734375,,OK,,2026-07-08T14:16:45
"veracruz, veracruz de ignacio de la llave -> tultitlan, estado de mexico","Veracruz, Veracruz de Ignacio de la Llave -> Tultitlán, Estado de México","Veracruz, Veracruz de Ignacio de la Llave","Tultitlán, Estado de México",424816.0,,19.173773,-96.1342241,19.6392125,-99.1668646,4.375808238983154,2246.053955078125,,OK,,2026-07-08T14:16:46
"villa corona, jalisco -> laredo, texas","Villa Corona, Jalisco -> Laredo, Texas","Villa Corona, Jalisco","Laredo, Texas",1071121.0,,20.4166263,-103.6649547,27.5035613,-99.5075519,1357.216552734375,129.2351531982422,,OK,,2026-07-08T14:16:47
"villa cuauhtemoc, estado de mexico -> apodaca, nuevo leon","Villa Cuauhtémoc, Estado de México -> Apodaca, Nuevo León","Villa Cuauhtémoc, Estado de México","Apodaca, Nuevo León",916587.0,,19.4162371,-99.5573973,25.776468,-100.1858743,2581.40185546875,430.6315002441406,,OK,,2026-07-08T14:16:49
"villa union, sinaloa -> puerto vallarta, jalisco","Villa Unión, Sinaloa -> Puerto Vallarta, Jalisco","Villa Unión, Sinaloa","Puerto Vallarta, Jalisco",423196.0,,23.1891805,-106.2191293,20.6565177,-105.211358,19.69185066223145,38.58020782470703,,OK,,2026-07-08T14:16:50
"villa union, sinaloa -> zapopan, jalisco","Villa Unión, Sinaloa -> Zapopan, Jalisco","Villa Unión, Sinaloa","Zapopan, Jalisco",445563.0,,23.1891805,-106.2191293,20.6719563,-103.416501,19.69185066223145,1629.765258789062,,OK,,2026-07-08T14:16:52
"villahermosa, tabasco -> muscle shoals, alabama","Villahermosa, Tabasco -> Muscle Shoals, Alabama","Villahermosa, Tabasco","Muscle Shoals, Alabama",3089791.0,,17.989456,-92.9475061,34.7448112,-87.66752919999999,20.52006149291992,152.7047576904297,,OK,,2026-07-08T14:16:53
"villahermosa, tabasco -> russellville, kentucky","Villahermosa, Tabasco -> Russellville, Kentucky","Villahermosa, Tabasco","Russellville, Kentucky",3277664.0,,17.989456,-92.9475061,36.8453199,-86.887219,20.52006149291992,181.8478698730469,,OK,,2026-07-08T14:16:55
"warren, michigan -> irapuato, guanajuato","Warren, Michigan -> Irapuato, Guanajuato","Warren, Michigan","Irapuato, Guanajuato",3561125.0,,42.5144566,-83.01465259999999,20.6781291,-101.3547266,186.910888671875,1721.492065429688,,OK,,2026-07-08T14:16:56
"warren, michigan -> laredo, texas","Warren, Michigan -> Laredo, Texas","Warren, Michigan","Laredo, Texas",2648348.0,,42.5144566,-83.01465259999999,27.5035613,-99.5075519,186.910888671875,129.2351531982422,,OK,,2026-07-08T14:16:57
"warren, michigan -> san jose iturbide, guanajuato","Warren, Michigan -> San José Iturbide, Guanajuato","Warren, Michigan","San José Iturbide, Guanajuato",3524642.0,,42.5144566,-83.01465259999999,20.9996535,-100.3854458,186.910888671875,2104.200439453125,,OK,,2026-07-08T14:16:59
"wasco, california -> el paso, texas","Wasco, California -> El Paso, Texas","Wasco, California","El Paso, Texas",1509576.0,,35.5941238,-119.3409457,31.7618778,-106.4850217,100.8496246337891,1132.736206054688,,OK,,2026-07-08T14:17:00
"wausau, wisconsin -> laredo, texas","Wausau, Wisconsin -> Laredo, Texas","Wausau, Wisconsin","Laredo, Texas",2545473.0,,44.9591352,-89.6301221,27.5035613,-99.5075519,367.0759887695312,129.2351531982422,,OK,,2026-07-08T14:17:02
"westland, michigan -> aguascalientes, aguascalientes","Westland, Michigan -> Aguascalientes, Aguascalientes","Westland, Michigan","Aguascalientes, Aguascalientes",3394823.0,,42.32420399999999,-83.400211,21.8852562,-102.2915677,202.6057739257812,1870.779296875,,OK,,2026-07-08T14:17:04
"winston-salem, north carolina -> arandas, jalisco","Winston-Salem, North Carolina -> Arandas, Jalisco","Winston-Salem, North Carolina","Arandas, Jalisco",3244296.0,,36.0948221,-80.2434028,20.705519,-102.346916,275.2671508789062,2066.971435546875,,OK,,2026-07-08T14:17:05
"wyoming, new york -> laredo, texas","Wyoming, New York -> Laredo, Texas","Wyoming, New York","Laredo, Texas",2946215.0,,42.64205200000001,-78.2020387,27.5035613,-99.5075519,538.5818481445312,129.2351531982422,,OK,,2026-07-08T14:17:07
"wyoming, new york -> silao de la victoria, guanajuato","Wyoming, New York -> Silao de la Victoria, Guanajuato","Wyoming, New York","Silao de la Victoria, Guanajuato",3826101.0,,42.64205200000001,-78.2020387,20.952141,-101.4282369,538.5818481445312,1780.1376953125,,OK,,2026-07-08T14:17:08
"xicohtzinco, tlaxcala -> queretaro, queretaro","Xicohtzinco, Tlaxcala -> Querétaro, Querétaro","Xicohtzinco, Tlaxcala","Querétaro, Querétaro",321680.0,,19.1753697,-98.2377049,20.5887932,-100.3898881,2196.814697265625,1816.216796875,,OK,,2026-07-08T14:17:09
"zamora, michoacan de ocampo -> ensenada, baja california","Zamora, Michoacán de Ocampo -> Ensenada, Baja California","Zamora, Michoacán de Ocampo","Ensenada, Baja California",2440000.0,,19.9901766,-102.2834075,31.8557021,-116.6057392,1565.5,14.35856151580811,,OK,,2026-07-08T14:17:11
"zamora, michoacan de ocampo -> mexicali, baja california","Zamora, Michoacán de Ocampo -> Mexicali, Baja California","Zamora, Michoacán de Ocampo","Mexicali, Baja California",2207285.0,,19.9901766,-102.2834075,32.6249284,-115.4435754,1565.5,5.183290004730225,,OK,,2026-07-08T14:17:12
"zamora, michoacan de ocampo -> san quintin, baja california","Zamora, Michoacán de Ocampo -> San Quintín, Baja California","Zamora, Michoacán de Ocampo","San Quintín, Baja California",2498072.0,,19.9901766,-102.2834075,30.56087669999999,-115.9379302,1565.5,27.49743461608887,,OK,,2026-07-08T14:17:14
"zapopan, jalisco -> acapulco de juarez, guerrero","Zapopan, Jalisco -> Acapulco de Juárez, Guerrero","Zapopan, Jalisco","Acapulco de Juárez, Guerrero",904842.0,,20.6719563,-103.416501,16.8639515,-99.8822807,1629.765258789062,15.09988689422607,,OK,,2026-07-08T14:17:16
"zapopan, jalisco -> apaseo el grande, guanajuato","Zapopan, Jalisco -> Apaseo el Grande, Guanajuato","Zapopan, Jalisco","Apaseo el Grande, Guanajuato",339571.0,,20.6719563,-103.416501,20.5446948,-100.6844284,1629.765258789062,1772.913452148438,,OK,,2026-07-08T14:17:17
"zapopan, jalisco -> apodaca, nuevo leon","Zapopan, Jalisco -> Apodaca, Nuevo León","Zapopan, Jalisco","Apodaca, Nuevo León",835156.0,,20.6719563,-103.416501,25.776468,-100.1858743,1629.765258789062,430.6315002441406,,OK,,2026-07-08T14:17:19
"zapopan, jalisco -> azcapotzalco, ciudad de mexico","Zapopan, Jalisco -> Azcapotzalco, Ciudad de México","Zapopan, Jalisco","Azcapotzalco, Ciudad de México",540183.0,,20.6719563,-103.416501,19.4846606,-99.1886749,1629.765258789062,2247.478759765625,,OK,,2026-07-08T14:17:20
"zapopan, jalisco -> bean station, tennessee","Zapopan, Jalisco -> Bean Station, Tennessee","Zapopan, Jalisco","Bean Station, Tennessee",3092015.0,,20.6719563,-103.416501,36.3437016,-83.28406199999999,1629.765258789062,350.8329162597656,,OK,,2026-07-08T14:17:22
"zapopan, jalisco -> beaver, west virginia","Zapopan, Jalisco -> Beaver, West Virginia","Zapopan, Jalisco","Beaver, West Virginia",3416985.0,,20.6719563,-103.416501,37.7476157,-81.1423203,1629.765258789062,656.7352294921875,,OK,,2026-07-08T14:17:23
"zapopan, jalisco -> bluefield, virginia","Zapopan, Jalisco -> Bluefield, Virginia","Zapopan, Jalisco","Bluefield, Virginia",3337251.0,,20.6719563,-103.416501,37.252617,-81.2712105,1629.765258789062,722.4188232421875,,OK,,2026-07-08T14:17:24
"zapopan, jalisco -> celaya, guanajuato","Zapopan, Jalisco -> Celaya, Guanajuato","Zapopan, Jalisco","Celaya, Guanajuato",325065.0,,20.6719563,-103.416501,20.5279612,-100.8112885,1629.765258789062,1759.49169921875,,OK,,2026-07-08T14:17:26
"zapopan, jalisco -> chihuahua, chihuahua","Zapopan, Jalisco -> Chihuahua, Chihuahua","Zapopan, Jalisco","Chihuahua, Chihuahua",1149659.0,,20.6719563,-103.416501,28.4854458,-105.7820674,1629.765258789062,1553.364013671875,,OK,,2026-07-08T14:17:27
"zapopan, jalisco -> chipilo, puebla","Zapopan, Jalisco -> Chipilo, Puebla","Zapopan, Jalisco","Chipilo, Puebla",676251.0,,20.6719563,-103.416501,19.00587,-98.3314182,1629.765258789062,2138.089111328125,,OK,,2026-07-08T14:17:29
"zapopan, jalisco -> ciudad de allende, nuevo leon","Zapopan, Jalisco -> Ciudad de Allende, Nuevo León","Zapopan, Jalisco","Ciudad de Allende, Nuevo León",836023.0,,20.6719563,-103.416501,25.2797312,-100.0191857,1629.765258789062,451.7737426757812,,OK,,2026-07-08T14:17:31
"zapopan, jalisco -> ciudad de mexico, ciudad de mexico","Zapopan, Jalisco -> Ciudad de México, Ciudad de México","Zapopan, Jalisco","Ciudad de México, Ciudad de México",551791.0,,20.6719563,-103.416501,19.4326077,-99.133208,1629.765258789062,2229.72216796875,,OK,,2026-07-08T14:17:32
"zapopan, jalisco -> ciudad juarez, chihuahua","Zapopan, Jalisco -> Ciudad Juárez, Chihuahua","Zapopan, Jalisco","Ciudad Juárez, Chihuahua",1553148.0,,20.6719563,-103.416501,31.6903638,-106.4245478,1629.765258789062,1127.196411132812,,OK,,2026-07-08T14:17:34
"zapopan, jalisco -> coatepec, veracruz de ignacio de la llave","Zapopan, Jalisco -> Coatepec, Veracruz de Ignacio de la Llave","Zapopan, Jalisco","Coatepec, Veracruz de Ignacio de la Llave",817248.0,,20.6719563,-103.416501,19.451938,-96.9594511,1629.765258789062,1189.987426757812,,OK,,2026-07-08T14:17:36
"zapopan, jalisco -> coatzacoalcos, veracruz de ignacio de la llave","Zapopan, Jalisco -> Coatzacoalcos, Veracruz de Ignacio de la Llave","Zapopan, Jalisco","Coatzacoalcos, Veracruz de Ignacio de la Llave",1134100.0,,20.6719563,-103.416501,18.1497687,-94.418581,1629.765258789062,10.80218410491943,,OK,,2026-07-08T14:17:37
"zapopan, jalisco -> colon, queretaro","Zapopan, Jalisco -> Colón, Querétaro","Zapopan, Jalisco","Colón, Querétaro",425446.0,,20.6719563,-103.416501,20.7812807,-100.0509673,1629.765258789062,1916.445068359375,,OK,,2026-07-08T14:17:38
"zapopan, jalisco -> conroe, texas","Zapopan, Jalisco -> Conroe, Texas","Zapopan, Jalisco","Conroe, Texas",1636682.0,,20.6719563,-103.416501,30.3118769,-95.4560512,1629.765258789062,66.9980697631836,,OK,,2026-07-08T14:17:40
"zapopan, jalisco -> covington, louisiana","Zapopan, Jalisco -> Covington, Louisiana","Zapopan, Jalisco","Covington, Louisiana",2071174.0,,20.6719563,-103.416501,30.4754702,-90.1009108,1629.765258789062,7.444419860839844,,OK,,2026-07-08T14:17:41
"zapopan, jalisco -> cuautitlan izcalli, estado de mexico","Zapopan, Jalisco -> Cuautitlán Izcalli, Estado de México","Zapopan, Jalisco","Cuautitlán Izcalli, Estado de México",519481.0,,20.6719563,-103.416501,19.6528089,-99.2231387,1629.765258789062,2277.62060546875,,OK,,2026-07-08T14:17:43
"zapopan, jalisco -> cuautitlan, estado de mexico","Zapopan, Jalisco -> Cuautitlán, Estado de México","Zapopan, Jalisco","Cuautitlán, Estado de México",522357.0,,20.6719563,-103.416501,19.6695008,-99.1655054,1629.765258789062,2248.847412109375,,OK,,2026-07-08T14:17:44
"zapopan, jalisco -> cuautlancingo, puebla","Zapopan, Jalisco -> Cuautlancingo, Puebla","Zapopan, Jalisco","Cuautlancingo, Puebla",661035.0,,20.6719563,-103.416501,19.0966286,-98.2724536,1629.765258789062,2166.916259765625,,OK,,2026-07-08T14:17:46
"zapopan, jalisco -> ecatepec de morelos, estado de mexico","Zapopan, Jalisco -> Ecatepec de Morelos, Estado de México","Zapopan, Jalisco","Ecatepec de Morelos, Estado de México",537571.0,,20.6719563,-103.416501,19.5671142,-99.0445193,1629.765258789062,2238.889404296875,,OK,,2026-07-08T14:17:47
"zapopan, jalisco -> englewood, colorado","Zapopan, Jalisco -> Englewood, Colorado","Zapopan, Jalisco","Englewood, Colorado",2616802.0,,20.6719563,-103.416501,39.6477653,-104.9877597,1629.765258789062,1636.990966796875,,OK,,2026-07-08T14:17:49
"zapopan, jalisco -> firestone, colorado","Zapopan, Jalisco -> Firestone, Colorado","Zapopan, Jalisco","Firestone, Colorado",2670548.0,,20.6719563,-103.416501,40.1124839,-104.9366436,1629.765258789062,1515.824462890625,,OK,,2026-07-08T14:17:50
"zapopan, jalisco -> franklin park, illinois","Zapopan, Jalisco -> Franklin Park, Illinois","Zapopan, Jalisco","Franklin Park, Illinois",3202477.0,,20.6719563,-103.416501,41.9348537,-87.87952299999999,1629.765258789062,194.9474182128906,,OK,,2026-07-08T14:17:51
"zapopan, jalisco -> glendale, arizona","Zapopan, Jalisco -> Glendale, Arizona","Zapopan, Jalisco","Glendale, Arizona",1935880.0,,20.6719563,-103.416501,33.5386523,-112.1859866,1629.765258789062,350.8721618652344,,OK,,2026-07-08T14:17:53
"zapopan, jalisco -> grand prairie, texas","Zapopan, Jalisco -> Grand Prairie, Texas","Zapopan, Jalisco","Grand Prairie, Texas",1729532.0,,20.6719563,-103.416501,32.7459645,-96.9977846,1629.765258789062,158.6863861083984,,OK,,2026-07-08T14:17:55
"zapopan, jalisco -> guadalajara, jalisco","Zapopan, Jalisco -> Guadalajara, Jalisco","Zapopan, Jalisco","Guadalajara, Jalisco",10368.0,,20.6719563,-103.416501,20.6751707,-103.3473385,1629.765258789062,1546.570434570312,,OK,,2026-07-08T14:17:56
"zapopan, jalisco -> guamuchil, sinaloa","Zapopan, Jalisco -> Guamúchil, Sinaloa","Zapopan, Jalisco","Guamúchil, Sinaloa",777992.0,,20.6719563,-103.416501,25.4586777,-108.07765,1629.765258789062,49.69938659667969,,OK,,2026-07-08T14:17:57
"zapopan, jalisco -> hermosillo, sonora","Zapopan, Jalisco -> Hermosillo, Sonora","Zapopan, Jalisco","Hermosillo, Sonora",1346926.0,,20.6719563,-103.416501,29.0729673,-110.9559192,1629.765258789062,202.4286193847656,,OK,,2026-07-08T14:17:59
"zapopan, jalisco -> high point, north carolina","Zapopan, Jalisco -> High Point, North Carolina","Zapopan, Jalisco","High Point, North Carolina",3317845.0,,20.6719563,-103.416501,35.9556923,-80.0053176,1629.765258789062,281.1091918945312,,OK,,2026-07-08T14:18:00
"zapopan, jalisco -> houston, texas","Zapopan, Jalisco -> Houston, Texas","Zapopan, Jalisco","Houston, Texas",1532839.0,,20.6719563,-103.416501,29.7600771,-95.3701108,1629.765258789062,14.59099960327148,,OK,,2026-07-08T14:18:02
"zapopan, jalisco -> irapuato, guanajuato","Zapopan, Jalisco -> Irapuato, Guanajuato","Zapopan, Jalisco","Irapuato, Guanajuato",265403.0,,20.6719563,-103.416501,20.6781291,-101.3547266,1629.765258789062,1721.492065429688,,OK,,2026-07-08T14:18:03
"zapopan, jalisco -> laredo, texas","Zapopan, Jalisco -> Laredo, Texas","Zapopan, Jalisco","Laredo, Texas",1027203.0,,20.6719563,-103.416501,27.5035613,-99.5075519,1629.765258789062,129.2351531982422,,OK,,2026-07-08T14:18:05
"zapopan, jalisco -> leon, guanajuato","Zapopan, Jalisco -> León, Guanajuato","Zapopan, Jalisco","León, Guanajuato",227921.0,,20.6719563,-103.416501,21.1250077,-101.6859605,1629.765258789062,1804.703125,,OK,,2026-07-08T14:18:06
"zapopan, jalisco -> los mochis, sinaloa","Zapopan, Jalisco -> Los Mochis, Sinaloa","Zapopan, Jalisco","Los Mochis, Sinaloa",871210.0,,20.6719563,-103.416501,25.7904657,-108.985882,1629.765258789062,13.88380432128906,,OK,,2026-07-08T14:18:08
"zapopan, jalisco -> mexicali, baja california","Zapopan, Jalisco -> Mexicali, Baja California","Zapopan, Jalisco","Mexicali, Baja California",2045188.0,,20.6719563,-103.416501,32.6249284,-115.4435754,1629.765258789062,5.183290004730225,,OK,,2026-07-08T14:18:09
"zapopan, jalisco -> miguel hidalgo, ciudad de mexico","Zapopan, Jalisco -> Miguel Hidalgo, Ciudad de México","Zapopan, Jalisco","Miguel Hidalgo, Ciudad de México",559339.0,,20.6719563,-103.416501,19.201525,-99.1307814,1629.765258789062,2564.977783203125,,OK,,2026-07-08T14:18:11
"zapopan, jalisco -> missouri city, texas","Zapopan, Jalisco -> Missouri City, Texas","Zapopan, Jalisco","Missouri City, Texas",1512327.0,,20.6719563,-103.416501,29.60256429999999,-95.5269632,1629.765258789062,23.29187965393066,,OK,,2026-07-08T14:18:12
"zapopan, jalisco -> monterrey, nuevo leon","Zapopan, Jalisco -> Monterrey, Nuevo León","Zapopan, Jalisco","Monterrey, Nuevo León",814317.0,,20.6719563,-103.416501,25.6866142,-100.3161126,1629.765258789062,541.4471435546875,,OK,,2026-07-08T14:18:14
"zapopan, jalisco -> nuevo vallarta, nayarit","Zapopan, Jalisco -> Nuevo Vallarta, Nayarit","Zapopan, Jalisco","Nuevo Vallarta, Nayarit",281851.0,,20.6719563,-103.416501,20.6986205,-105.2964898,1629.765258789062,5.617804050445557,,OK,,2026-07-08T14:18:15
"zapopan, jalisco -> oakwood, georgia","Zapopan, Jalisco -> Oakwood, Georgia","Zapopan, Jalisco","Oakwood, Georgia",2885057.0,,20.6719563,-103.416501,34.227602,-83.8843455,1629.765258789062,351.202880859375,,OK,,2026-07-08T14:18:17
"zapopan, jalisco -> puebla, puebla","Zapopan, Jalisco -> Puebla, Puebla","Zapopan, Jalisco","Puebla, Puebla",673779.0,,20.6719563,-103.416501,19.0414398,-98.2062727,1629.765258789062,2147.357421875,,OK,,2026-07-08T14:18:18
"zapopan, jalisco -> queretaro, queretaro","Zapopan, Jalisco -> Querétaro, Querétaro","Zapopan, Jalisco","Querétaro, Querétaro",368638.0,,20.6719563,-103.416501,20.5887932,-100.3898881,1629.765258789062,1816.216796875,,OK,,2026-07-08T14:18:20
"zapopan, jalisco -> reynosa, tamaulipas","Zapopan, Jalisco -> Reynosa, Tamaulipas","Zapopan, Jalisco","Reynosa, Tamaulipas",1005061.0,,20.6719563,-103.416501,26.0915309,-98.2777687,1629.765258789062,41.61340713500977,,OK,,2026-07-08T14:18:21
"zapopan, jalisco -> salt lake city, utah","Zapopan, Jalisco -> Salt Lake City, Utah","Zapopan, Jalisco","Salt Lake City, Utah",2964213.0,,20.6719563,-103.416501,40.7605601,-111.8881397,1629.765258789062,1299.615112304688,,OK,,2026-07-08T14:18:23
"zapopan, jalisco -> san antonio, texas","Zapopan, Jalisco -> San Antonio, Texas","Zapopan, Jalisco","San Antonio, Texas",1278063.0,,20.6719563,-103.416501,29.4251905,-98.4945922,1629.765258789062,198.86962890625,,OK,,2026-07-08T14:18:24
"zapopan, jalisco -> san jose iturbide, guanajuato","Zapopan, Jalisco -> San José Iturbide, Guanajuato","Zapopan, Jalisco","San José Iturbide, Guanajuato",416967.0,,20.6719563,-103.416501,20.9996535,-100.3854458,1629.765258789062,2104.200439453125,,OK,,2026-07-08T14:18:26
"zapopan, jalisco -> san luis rio colorado, sonora","Zapopan, Jalisco -> San Luis Río Colorado, Sonora","Zapopan, Jalisco","San Luis Río Colorado, Sonora",1979284.0,,20.6719563,-103.416501,32.4518877,-114.771711,1629.765258789062,43.74673080444336,,OK,,2026-07-08T14:18:27
"zapopan, jalisco -> san pedro garza garcia, nuevo leon","Zapopan, Jalisco -> San Pedro Garza García, Nuevo León","Zapopan, Jalisco","San Pedro Garza García, Nuevo León",808681.0,,20.6719563,-103.416501,25.6523504,-100.3583035,1629.765258789062,614.039306640625,,OK,,2026-07-08T14:18:29
"zapopan, jalisco -> san pedro tlaquepaque, jalisco","Zapopan, Jalisco -> San Pedro Tlaquepaque, Jalisco","Zapopan, Jalisco","San Pedro Tlaquepaque, Jalisco",15442.0,,20.6719563,-103.416501,20.6025191,-103.3361581,1629.765258789062,1564.796630859375,,OK,,2026-07-08T14:18:30
"zapopan, jalisco -> santa catarina, nuevo leon","Zapopan, Jalisco -> Santa Catarina, Nuevo León","Zapopan, Jalisco","Santa Catarina, Nuevo León",796898.0,,20.6719563,-103.416501,25.6746058,-100.4423188,1629.765258789062,652.3250732421875,,OK,,2026-07-08T14:18:31
"zapopan, jalisco -> silao de la victoria, guanajuato","Zapopan, Jalisco -> Silao de la Victoria, Guanajuato","Zapopan, Jalisco","Silao de la Victoria, Guanajuato",256019.0,,20.6719563,-103.416501,20.952141,-101.4282369,1629.765258789062,1780.1376953125,,OK,,2026-07-08T14:18:33
"zapopan, jalisco -> tempe, arizona","Zapopan, Jalisco -> Tempe, Arizona","Zapopan, Jalisco","Tempe, Arizona",1911873.0,,20.6719563,-103.416501,33.4255104,-111.9400054,1629.765258789062,354.3406982421875,,OK,,2026-07-08T14:18:34
"zapopan, jalisco -> tepotzotlan, estado de mexico","Zapopan, Jalisco -> Tepotzotlán, Estado de México","Zapopan, Jalisco","Tepotzotlán, Estado de México",511740.0,,20.6719563,-103.416501,19.7185096,-99.2065202,1629.765258789062,2255.4853515625,,OK,,2026-07-08T14:18:36
"zapopan, jalisco -> the colony, texas","Zapopan, Jalisco -> The Colony, Texas","Zapopan, Jalisco","The Colony, Texas",1761030.0,,20.6719563,-103.416501,33.0806341,-96.8927532,1629.765258789062,179.38818359375,,OK,,2026-07-08T14:18:37
"zapopan, jalisco -> thornton, colorado","Zapopan, Jalisco -> Thornton, Colorado","Zapopan, Jalisco","Thornton, Colorado",2641420.0,,20.6719563,-103.416501,39.8680412,-104.9719243,1629.765258789062,1630.333374023438,,OK,,2026-07-08T14:18:38
"zapopan, jalisco -> tijuana, baja california","Zapopan, Jalisco -> Tijuana, Baja California","Zapopan, Jalisco","Tijuana, Baja California",2218788.0,,20.6719563,-103.416501,32.5331957,-117.0192784,1629.765258789062,22.42227745056152,,OK,,2026-07-08T14:18:40
"zapopan, jalisco -> tlalnepantla de baz, estado de mexico","Zapopan, Jalisco -> Tlalnepantla de Baz, Estado de México","Zapopan, Jalisco","Tlalnepantla de Baz, Estado de México",531957.0,,20.6719563,-103.416501,19.5360618,-99.1968306,1629.765258789062,2253.70654296875,,OK,,2026-07-08T14:18:41
"zapopan, jalisco -> toluca, estado de mexico","Zapopan, Jalisco -> Toluca, Estado de México","Zapopan, Jalisco","Toluca, Estado de México",477512.0,,20.6719563,-103.416501,19.2826098,-99.6556653,1629.765258789062,2670.009765625,,OK,,2026-07-08T14:18:43
"zapopan, jalisco -> tonala, jalisco","Zapopan, Jalisco -> Tonalá, Jalisco","Zapopan, Jalisco","Tonalá, Jalisco",22489.0,,20.6719563,-103.416501,20.6237413,-103.2413723,1629.765258789062,1662.29296875,,OK,,2026-07-08T14:18:44
"zapopan, jalisco -> torreon, coahuila de zaragoza","Zapopan, Jalisco -> Torreón, Coahuila de Zaragoza","Zapopan, Jalisco","Torreón, Coahuila de Zaragoza",743872.0,,20.6719563,-103.416501,25.5428443,-103.4067861,1629.765258789062,1128.250122070312,,OK,,2026-07-08T14:18:45
"zapopan, jalisco -> tultepec, estado de mexico","Zapopan, Jalisco -> Tultepec, Estado de México","Zapopan, Jalisco","Tultepec, Estado de México",525603.0,,20.6719563,-103.416501,19.6860054,-99.1260866,1629.765258789062,2249.831298828125,,OK,,2026-07-08T14:18:46
"zapopan, jalisco -> veracruz, veracruz de ignacio de la llave","Zapopan, Jalisco -> Veracruz, Veracruz de Ignacio de la Llave","Zapopan, Jalisco","Veracruz, Veracruz de Ignacio de la Llave",936031.0,,20.6719563,-103.416501,19.173773,-96.1342241,1629.765258789062,4.375808238983154,,OK,,2026-07-08T14:18:49
"zapopan, jalisco -> villa del carbon, estado de mexico","Zapopan, Jalisco -> Villa del Carbón, Estado de México","Zapopan, Jalisco","Villa del Carbón, Estado de México",499597.0,,20.6719563,-103.416501,19.7279717,-99.4630033,1629.765258789062,2600.936279296875,,OK,,2026-07-08T14:18:50
"zapopan, jalisco -> webster, texas","Zapopan, Jalisco -> Webster, Texas","Zapopan, Jalisco","Webster, Texas",1560069.0,,20.6719563,-103.416501,29.5377315,-95.1182645,1629.765258789062,6.757104873657227,,OK,,2026-07-08T14:18:52
"zapopan, jalisco -> zapopan, jalisco","Zapopan, Jalisco -> Zapopan, Jalisco","Zapopan, Jalisco","Zapopan, Jalisco",0.0,,20.6719563,-103.416501,20.6719563,-103.416501,1629.765258789062,1629.765258789062,,OK,,2026-07-08T14:18:53
"la venta del astillero, jalisco -> ocotlan, jalisco","La Venta del Astillero, Jalisco -> Ocotlán, Jalisco","La Venta del Astillero, Jalisco","Ocotlán, Jalisco",106619.0,,20.72564,-103.5462189,20.3417485,-102.7652326,1623.311645507812,1527.78662109375,,OK,,2026-07-13T12:17:48
"nogales, sonora -> santa cruz de las flores, jalisco","Nogales, Sonora -> Santa Cruz de las Flores, Jalisco","Nogales, Sonora","Santa Cruz de las Flores, Jalisco",1648617.0,,31.3011855,-110.9381047,20.4898066,-103.4910611,1218.139892578125,1531.387939453125,,OK,,2026-07-13T12:20:57
"zapopan, jalisco -> nogales, sonora","Zapopan, Jalisco -> Nogales, Sonora","Zapopan, Jalisco","Nogales, Sonora",1628629.0,,20.6719563,-103.416501,31.3011855,-110.9381047,1629.765258789062,1218.139892578125,,OK,,2026-07-13T12:22:26
"la venta del astillero, jalisco -> aguascalientes, aguascalientes","La Venta del Astillero, Jalisco -> Aguascalientes, Aguascalientes","La Venta del Astillero, Jalisco","Aguascalientes, Aguascalientes",241588.0,,20.72564,-103.5462189,21.8852562,-102.2915677,1623.311645507812,1870.779296875,,OK,,2026-07-13T12:26:13
"arandas, jalisco -> dallas, texas","Arandas, Jalisco -> Dallas, Texas","Arandas, Jalisco","Dallas, Texas",1645898.0,,20.705519,-102.346916,32.7766642,-96.7969879,2066.971435546875,137.5745239257812,,OK,,2026-07-13T12:28:18
"ciudad de mexico, ciudad de mexico -> piedras negras, coahuila de zaragoza","Ciudad de México, Ciudad de México -> Piedras Negras, Coahuila de Zaragoza","Ciudad de México, Ciudad de México","Piedras Negras, Coahuila de Zaragoza",1256091.0,,19.4326077,-99.133208,28.6916182,-100.5408622,2229.72216796875,239.4914093017578,,OK,,2026-07-13T12:30:48
"ensenada, baja california, mexico -> santa ana, california, estados unidos","Ensenada, Baja California, México -> Santa Ana, California, Estados Unidos","Ensenada, Baja California, México","Santa Ana, California, Estados Unidos",281603.0,,31.8557021,-116.6057392,33.7454725,-117.867653,14.35856151580811,34.05735397338867,,OK,,2026-07-13T12:36:42
"toluca, estado de mexico -> celaya, guanajuato","Toluca, Estado de México -> Celaya, Guanajuato","Toluca, Estado de México","Celaya, Guanajuato",239908.0,,19.2826098,-99.6556653,20.5279612,-100.8112885,2670.009765625,1759.49169921875,,OK,,2026-07-13T12:43:21
"guadalajara, jalisco -> monterrey, nuevo leon","Guadalajara, Jalisco -> Monterrey, Nuevo León","Guadalajara, Jalisco","Monterrey, Nuevo León",811912.0,,20.6751707,-103.3473385,25.6866142,-100.3161126,1546.570434570312,541.4471435546875,,OK,,2026-07-13T12:48:12
"guadalajara, jalisco -> ciudad de mexico, ciudad de mexico","Guadalajara, Jalisco -> Ciudad de México, Ciudad de México","Guadalajara, Jalisco","Ciudad de México, Ciudad de México",549385.0,,20.6751707,-103.3473385,19.4326077,-99.133208,1546.570434570312,2229.72216796875,,OK,,2026-07-13T12:48:54
"nogales, sonora -> villahermosa, tabasco","Nogales, Sonora -> Villahermosa, Tabasco","Nogales, Sonora","Villahermosa, Tabasco",2915777.0,,31.3011855,-110.9381047,17.989456,-92.9475061,1218.139892578125,20.52006149291992,,OK,,2026-07-13T12:53:48
"la tijera, jalisco -> aguascalientes, aguascalientes","La Tijera, Jalisco -> Aguascalientes, Aguascalientes","La Tijera, Jalisco","Aguascalientes, Aguascalientes",233412.0,,20.5874349,-103.4373747,21.8852562,-102.2915677,1613.749267578125,1870.779296875,,OK,,2026-07-13T12:57:57
"la tijera, jalisco -> tlaquepaque, jalisco","La Tijera, Jalisco -> Tlaquepaque, Jalisco","La Tijera, Jalisco","Tlaquepaque, Jalisco",17490.0,,20.5874349,-103.4373747,20.6025191,-103.3361581,1613.749267578125,1564.796630859375,,OK,,2026-07-13T12:59:10
"guadalajara, jalisco -> villahermosa, tabasco","Guadalajara, Jalisco -> Villahermosa, Tabasco","Guadalajara, Jalisco","Villahermosa, Tabasco",1286548.0,,20.6751707,-103.3473385,17.989456,-92.9475061,1546.570434570312,20.52006149291992,,OK,,2026-07-13T13:12:04
"manzanillo, colima -> tepatitlan de morelos, jalisco","Manzanillo, Colima -> Tepatitlán de Morelos, Jalisco","Manzanillo, Colima","Tepatitlán de Morelos, Jalisco",361425.0,,19.0536292,-104.3170724,20.8098057,-102.7652326,8.365846633911133,1793.47119140625,,OK,,2026-07-14T10:54:29
"guadalajara, jalisco -> chalco, estado de mexico","Guadalajara, Jalisco -> Chalco, Estado de México","Guadalajara, Jalisco","Chalco, Estado de México",588762.0,,20.6751707,-103.3473385,19.26244,-98.8969427,1546.570434570312,2243.8232421875,,OK,,2026-07-14T11:03:06
"guadalajara, jalisco -> chihuahua, chihuahua","Guadalajara, Jalisco -> Chihuahua, Chihuahua","Guadalajara, Jalisco","Chihuahua, Chihuahua",1147254.0,,20.6751707,-103.3473385,28.4854458,-105.7820674,1546.570434570312,1553.364013671875,,OK,,2026-07-14T11:03:57
"guadalajara, jalisco -> ciudad juarez, chihuahua","Guadalajara, Jalisco -> Ciudad Juárez, Chihuahua","Guadalajara, Jalisco","Ciudad Juárez, Chihuahua",1550742.0,,20.6751707,-103.3473385,31.6903638,-106.4245478,1546.570434570312,1127.196411132812,,OK,,2026-07-14T11:04:36
"manzanillo, colima -> san juan de los lagos, jalisco","Manzanillo, Colima -> San Juan de los Lagos, Jalisco","Manzanillo, Colima","San Juan de los Lagos, Jalisco",429446.0,,19.0536292,-104.3170724,21.2474689,-102.3316999,8.365846633911133,1726.9990234375,,OK,,2026-07-14T11:06:00
"celaya, guanajuato -> guadalajara, jalisco","Celaya, Guanajuato -> Guadalajara, Jalisco","Celaya, Guanajuato","Guadalajara, Jalisco",306310.0,,20.5279612,-100.8112885,20.6751707,-103.3473385,1759.49169921875,1546.570434570312,,OK,,2026-07-14T11:07:05
"celaya, guanajuato -> huehuetoca, estado de mexico","Celaya, Guanajuato -> Huehuetoca, Estado de México","Celaya, Guanajuato","Huehuetoca, Estado de México",207117.0,,20.5279612,-100.8112885,19.8277305,-99.2037508,1759.49169921875,2254.439697265625,,OK,,2026-07-14T11:07:30
"celaya, guanajuato -> jilotepec de molina enriquez, ciudad de mexico","Celaya, Guanajuato -> Jilotepec de Molina Enríquez, Ciudad de México","Celaya, Guanajuato","Jilotepec de Molina Enríquez, Ciudad de México",176247.0,,20.5279612,-100.8112885,19.9537614,-99.5321166,1759.49169921875,2453.922119140625,,OK,,2026-07-14T11:08:33
"tepatitlan de morelos, jalisco -> zapopan, jalisco","Tepatitlán de Morelos, Jalisco -> Zapopan, Jalisco","Tepatitlán de Morelos, Jalisco","Zapopan, Jalisco",81115.0,,20.8098057,-102.7652326,20.6719563,-103.416501,1793.47119140625,1629.765258789062,,OK,,2026-07-14T11:10:26
"celaya, guanajuato -> cuautitlan izcalli, estado de mexico","Celaya, Guanajuato -> Cuautitlán Izcalli, Estado de México","Celaya, Guanajuato","Cuautitlán Izcalli, Estado de México",224550.0,,20.5279612,-100.8112885,19.6528089,-99.2231387,1759.49169921875,2277.62060546875,,OK,,2026-07-14T11:18:09
"ecatepec de morelos, estado de mexico -> tijuana, baja california","Ecatepec de Morelos, Estado de México -> Tijuana, Baja California","Ecatepec de Morelos, Estado de México","Tijuana, Baja California",2908664.0,,19.5671142,-99.0445193,32.5331957,-117.0192784,2238.889404296875,22.42227745056152,,OK,,2026-07-14T13:15:29
"ecatepec de morelos, estado de mexico -> mexicali, baja california","Ecatepec de Morelos, Estado de México -> Mexicali, Baja California","Ecatepec de Morelos, Estado de México","Mexicali, Baja California",2579685.0,,19.5671142,-99.0445193,32.6249284,-115.4435754,2238.889404296875,5.183290004730225,,OK,,2026-07-14T13:18:36
"ecatepec de morelos, estado de mexico -> hermosillo, sonora","Ecatepec de Morelos, Estado de México -> Hermosillo, Sonora","Ecatepec de Morelos, Estado de México","Hermosillo, Sonora",1881620.0,,19.5671142,-99.0445193,29.0729673,-110.9559192,2238.889404296875,202.4286193847656,,OK,,2026-07-14T13:18:47
"ecatepec de morelos, estado de mexico -> culiacan, sinaloa","Ecatepec de Morelos, Estado de México -> Culiacán, Sinaloa","Ecatepec de Morelos, Estado de México","Culiacán, Sinaloa",1213829.0,,19.5671142,-99.0445193,24.8090649,-107.3940117,2238.889404296875,44.73824691772461,,OK,,2026-07-14T13:18:58
"ecatepec de morelos, estado de mexico -> matamoros, tamaulipas","Ecatepec de Morelos, Estado de México -> Matamoros, Tamaulipas","Ecatepec de Morelos, Estado de México","Matamoros, Tamaulipas",912506.0,,19.5671142,-99.0445193,25.8690294,-97.5027376,2238.889404296875,10.20967102050781,,OK,,2026-07-14T13:19:34
"ecatepec de morelos, estado de mexico -> guadalajara, jalisco","Ecatepec de Morelos, Estado de México -> Guadalajara, Jalisco","Ecatepec de Morelos, Estado de México","Guadalajara, Jalisco",531954.0,,19.5671142,-99.0445193,20.6751707,-103.3473385,2238.889404296875,1546.570434570312,,OK,,2026-07-14T13:20:07
"ecatepec de morelos, estado de mexico -> monterrey, nuevo leon","Ecatepec de Morelos, Estado de México -> Monterrey, Nuevo León","Ecatepec de Morelos, Estado de México","Monterrey, Nuevo León",889402.0,,19.5671142,-99.0445193,25.6866142,-100.3161126,2238.889404296875,541.4471435546875,,OK,,2026-07-14T13:20:23
"ecatepec de morelos, estado de mexico -> toluca, estado de mexico","Ecatepec de Morelos, Estado de México -> Toluca, Estado de México","Ecatepec de Morelos, Estado de México","Toluca, Estado de México",87722.0,,19.5671142,-99.0445193,19.2826098,-99.6556653,2238.889404296875,2670.009765625,,OK,,2026-07-14T13:20:57
"ecatepec de morelos, estado de mexico -> puebla, puebla","Ecatepec de Morelos, Estado de México -> Puebla, Puebla","Ecatepec de Morelos, Estado de México","Puebla, Puebla",165034.0,,19.5671142,-99.0445193,19.0414398,-98.2062727,2238.889404296875,2147.357421875,,OK,,2026-07-14T13:21:19
"ecatepec de morelos, estado de mexico -> acapulco de juarez, guerrero","Ecatepec de Morelos, Estado de México -> Acapulco de Juárez, Guerrero","Ecatepec de Morelos, Estado de México","Acapulco de Juárez, Guerrero",403216.0,,19.5671142,-99.0445193,16.8639515,-99.8822807,2238.889404296875,15.09988689422607,,OK,,2026-07-14T13:24:49
"ecatepec de morelos, estado de mexico -> villahermosa, tabasco","Ecatepec de Morelos, Estado de México -> Villahermosa, Tabasco","Ecatepec de Morelos, Estado de México","Villahermosa, Tabasco",780207.0,,19.5671142,-99.0445193,17.989456,-92.9475061,2238.889404296875,20.52006149291992,,OK,,2026-07-14T13:25:03
"guadalajara, jal. -> villahermosa","Guadalajara, Jal. -> villahermosa","Guadalajara, Jal.",villahermosa,1286548.0,,20.6751707,-103.3473385,17.989456,-92.9475061,1546.570434570312,20.52006149291992,,OK,,2026-07-15T11:45:28
"tampa, florida -> apodaca, nuevo leon","TAMPA, FLORIDA -> APODACA, NUEVO LEON","TAMPA, FLORIDA","APODACA, NUEVO LEON",2317503.0,,27.9516896,-82.45875269999999,25.776468,-100.1858743,5.851034641265869,430.6315002441406,,OK,,2026-07-15T11:45:29
"celaya, gto. -> cuautitlan izcalli, mex.","Celaya, Gto. -> Cuautitlán Izcalli, Méx.","Celaya, Gto.","Cuautitlán Izcalli, Méx.",220139.0,,20.5184033,-100.8173831,19.6528089,-99.2231387,1757.706298828125,2277.62060546875,,OK,,2026-07-15T11:45:30
"celaya, gto. -> guadalajara, jal.","Celaya, Gto. -> Guadalajara, Jal.","Celaya, Gto.","Guadalajara, Jal.",340573.0,,20.5184033,-100.8173831,20.6751707,-103.3473385,1757.706298828125,1546.570434570312,,OK,,2026-07-15T11:45:31
"celaya, gto. -> huehuetoca, mex.","Celaya, Gto. -> Huehuetoca, Méx.","Celaya, Gto.","Huehuetoca, Méx.",202706.0,,20.5184033,-100.8173831,19.8277305,-99.2037508,1757.706298828125,2254.439697265625,,OK,,2026-07-15T11:45:32
"celaya, gto. -> jilotepec de molina enriquez, mex.","Celaya, Gto. -> Jilotepec de Molina Enríquez, Méx.","Celaya, Gto.","Jilotepec de Molina Enríquez, Méx.",171837.0,,20.5184033,-100.8173831,19.9537614,-99.5321166,1757.706298828125,2453.922119140625,,OK,,2026-07-15T11:45:33
"celaya, gto. -> reynosa, tamps.","Celaya, Gto. -> Reynosa, Tamps.","Celaya, Gto.","Reynosa, Tamps.",865182.0,,20.5184033,-100.8173831,26.0915309,-98.2777687,1757.706298828125,41.61340713500977,,OK,,2026-07-15T11:45:35
apodaca -> crossfield alberta t0m0s0,apodaca -> crossfield alberta T0M0S0,apodaca,crossfield alberta T0M0S0,3706181.0,,25.776468,-100.1858743,51.4311518,-114.0261539,430.6315002441406,1108.0,,OK,,2026-07-15T11:45:36
manzanillo -> aguascalientes,Manzanillo -> Aguascalientes,Manzanillo,Aguascalientes,507163.0,,19.0536292,-104.3170724,21.8852562,-102.2915677,8.365846633911133,1870.779296875,,OK,,2026-07-15T11:45:37
manzanillo -> guadalajara,Manzanillo -> Guadalajara,Manzanillo,Guadalajara,289951.0,,19.0536292,-104.3170724,20.6751707,-103.3473385,8.365846633911133,1546.570434570312,,OK,,2026-07-15T11:45:38
manzanillo -> mexico,Manzanillo -> Mexico,Manzanillo,Mexico,783252.0,,19.0536292,-104.3170724,23.634501,-102.552784,8.365846633911133,1976.76318359375,,OK,,2026-07-15T11:45:38
manzanillo -> monterrey,Manzanillo -> Monterrey,Manzanillo,Monterrey,1095148.0,,19.0536292,-104.3170724,25.6866142,-100.3161126,8.365846633911133,541.4471435546875,,OK,,2026-07-15T11:45:39
"la tijera, jal. -> aguascalientes, ags.","La Tijera, Jal. -> Aguascalientes, Ags.","La Tijera, Jal.","Aguascalientes, Ags.",233412.0,,20.5874349,-103.4373747,21.8852562,-102.2915677,1613.749267578125,1870.779296875,,OK,,2026-07-15T11:45:40
"la tijera, jal. -> colima, col.","La Tijera, Jal. -> Colima, Col.","La Tijera, Jal.","Colima, Col.",177271.0,,20.5874349,-103.4373747,19.2452342,-103.7240868,1613.749267578125,499.6036376953125,,OK,,2026-07-15T11:45:41
"la tijera, jal. -> durango, dgo.","La Tijera, Jal. -> Durango, Dgo.","La Tijera, Jal.","Durango, Dgo.",649416.0,,20.5874349,-103.4373747,24.0248409,-104.6608131,1613.749267578125,1887.220336914062,,OK,,2026-07-15T11:45:42
"la tijera, jal. -> guadalajara, jal.","La Tijera, Jal. -> Guadalajara, Jal.","La Tijera, Jal.","Guadalajara, Jal.",16602.0,,20.5874349,-103.4373747,20.6751707,-103.3473385,1613.749267578125,1546.570434570312,,OK,,2026-07-15T11:45:43
"la tijera, jal. -> leon, gto.","La Tijera, Jal. -> Leon, Gto.","La Tijera, Jal.","Leon, Gto.",235001.0,,20.5874349,-103.4373747,21.1250077,-101.6859605,1613.749267578125,1804.703125,,OK,,2026-07-15T11:45:44
"la tijera, jal. -> san luis potosi, s.l.p.","La Tijera, Jal. -> San Luis Potosi, S.L.P.","La Tijera, Jal.","San Luis Potosi, S.L.P.",353028.0,,20.5874349,-103.4373747,22.1520892,-100.9733024,1613.749267578125,1865.477172851562,,OK,,2026-07-15T11:45:45
"la tijera, jal. -> tepic, nay.","La Tijera, Jal. -> Tepic, Nay.","La Tijera, Jal.","Tepic, Nay.",206828.0,,20.5874349,-103.4373747,21.5041651,-104.8945887,1613.749267578125,935.0303955078124,,OK,,2026-07-15T11:45:46
"la tijera, jal. -> tlaquepaque, jal.","La Tijera, Jal. -> Tlaquepaque, Jal.","La Tijera, Jal.","Tlaquepaque, Jal.",17490.0,,20.5874349,-103.4373747,20.6025191,-103.3361581,1613.749267578125,1564.796630859375,,OK,,2026-07-15T11:45:46
"la tijera, jal. -> victor rosales, zac.","La Tijera, Jal. -> Víctor Rosales, Zac.","La Tijera, Jal.","Víctor Rosales, Zac.",387088.0,,20.5874349,-103.4373747,22.9459474,-102.6997537,1613.749267578125,2165.378662109375,,OK,,2026-07-15T11:45:47
chimalhuacan -> houston,Chimalhuacan -> Houston,Chimalhuacan,Houston,1489634.0,,19.4314047,-98.9582048,29.7600771,-95.3701108,2238.331298828125,14.59099960327148,,OK,,2026-07-15T11:45:48
"chimalhuacan, mex. -> greensboro, ga, united states","Chimalhuacán, Méx. -> Greensboro, GA, United States","Chimalhuacán, Méx.","Greensboro, GA, United States",2877299.0,,19.4314047,-98.9582048,33.5756831,-83.18237890000002,2238.331298828125,196.4486846923828,,OK,,2026-07-15T11:45:49
"ciudad apodaca, n.l. -> greensboro, ga, united states","Ciudad Apodaca, N.L. -> Greensboro, GA, United States","Ciudad Apodaca, N.L.","Greensboro, GA, United States",2127920.0,,25.776468,-100.1858743,33.5756831,-83.18237890000002,430.6315002441406,196.4486846923828,,OK,,2026-07-15T11:45:50
"ciudad apodaca, n.l. -> houston, tx, united states","Ciudad Apodaca, N.L. -> Houston, TX, United States","Ciudad Apodaca, N.L.","Houston, TX, United States",740255.0,,25.776468,-100.1858743,29.7600771,-95.3701108,430.6315002441406,14.59099960327148,,OK,,2026-07-15T11:45:51
"nogales, son. -> santa cruz de las flores, jal.","Nogales, Son. -> Santa Cruz de las Flores, Jal.","Nogales, Son.","Santa Cruz de las Flores, Jal.",1648616.0,,31.3011855,-110.9381047,20.4898066,-103.4910611,1218.139892578125,1531.387939453125,,OK,,2026-07-15T11:45:52
"el salto, jal., mexico -> morelia, mich., mexico","El Salto, Jal., México -> Morelia, Mich., México","El Salto, Jal., México","Morelia, Mich., México",276985.0,,20.5178271,-103.1826862,19.705632,-101.1950164,1527.1181640625,1907.418334960938,,OK,,2026-07-15T11:45:53
"el salto, jal., mexico -> san jose de gracia, mich., mexico","El Salto, Jal., México -> San José de Gracia, Mich., México","El Salto, Jal., México","San José de Gracia, Mich., México",161375.0,,20.5178271,-103.1826862,19.98917,-103.0213926,1527.1181640625,2004.359741210938,,OK,,2026-07-15T11:45:54
"el salto, jal., mexico -> tlalnepantla de baz, mex., mexico","El Salto, Jal., México -> Tlalnepantla de Baz, Méx., México","El Salto, Jal., México","Tlalnepantla de Baz, Méx., México",515379.0,,20.5178271,-103.1826862,19.5360618,-99.1968306,1527.1181640625,2253.70654296875,,OK,,2026-07-15T11:45:55
"leon de los aldama, gto., mexico -> heroica puebla de zaragoza, pue., mexico","León de los Aldama, Gto., México -> Heroica Puebla de Zaragoza, Pue., México","León de los Aldama, Gto., México","Heroica Puebla de Zaragoza, Pue., México",499546.0,,21.1250077,-101.6859605,19.0414398,-98.2062727,1804.703125,2147.357421875,,OK,,2026-07-15T11:45:56
"lagos de moreno -> hillside, nj","Lagos de moreno -> Hillside, Nj",Lagos de moreno,"Hillside, Nj",3950598.0,,21.3634964,-101.9291015,40.6969863,-74.2194154,1917.813598632812,10.83790016174316,,OK,,2026-07-15T11:45:57
"muskegon, mi, united states -> celaya, gto.","Muskegon, MI, United States -> Celaya, Gto.","Muskegon, MI, United States","Celaya, Gto.",3427331.0,,43.2341813,-86.24839209999999,20.5184033,-100.8173831,188.8050231933594,1757.706298828125,,OK,,2026-07-15T11:45:58
"ciudad apodaca, n.l., mexico -> belleville, on, canada","Ciudad Apodaca, N.L., México -> Belleville, ON, Canadá","Ciudad Apodaca, N.L., México","Belleville, ON, Canadá",3362463.0,,25.776468,-100.1858743,44.1640002,-77.3825631,430.6315002441406,78.77214050292969,,OK,,2026-07-15T11:45:59
"east merrimack, nh, estados unidos -> san luis potosi, s.l.p., mexico","East Merrimack, NH, Estados Unidos -> San Luis Potosí, S.L.P., México","East Merrimack, NH, Estados Unidos","San Luis Potosí, S.L.P., México",4218345.0,,42.8666559,-71.49349339999999,22.1520892,-100.9733024,54.74062347412109,1865.477172851562,,OK,,2026-07-15T11:46:00
"puebla, pue. -> houston, tx, united states","Puebla, Pue. -> Houston, TX, United States","Puebla, Pue.","Houston, TX, United States",1489624.0,,19.0414398,-98.2062727,29.7600771,-95.3701108,2147.357421875,14.59099960327148,,OK,,2026-07-15T11:46:01
"tepatitlan de morelos, jal. -> zapopan, jal.","Tepatitlán de Morelos, Jal. -> Zapopan, Jal.","Tepatitlán de Morelos, Jal.","Zapopan, Jal.",81115.0,,20.8098057,-102.7652326,20.6719563,-103.416501,1793.47119140625,1629.765258789062,,OK,,2026-07-15T11:46:02
"manzanillo, col. -> san juan de los lagos, jal.","Manzanillo, Col. -> San Juan de los Lagos, Jal.","Manzanillo, Col.","San Juan de los Lagos, Jal.",,,,,,,,,,ERROR,La ruta devolvio estado ZERO_RESULTS.,2026-07-15T11:46:03
"guadalajara, jal., mexico -> chalco de diaz covarrubias, mex., mexico","Guadalajara, Jal., México -> Chalco de Díaz Covarrubias, Méx., México","Guadalajara, Jal., México","Chalco de Díaz Covarrubias, Méx., México",588762.0,,20.6751707,-103.3473385,19.26244,-98.8969427,1546.570434570312,2243.8232421875,,OK,,2026-07-15T11:46:04
"guadalajara, jal., mexico -> chihuahua, chih., mexico","Guadalajara, Jal., México -> Chihuahua, Chih., México","Guadalajara, Jal., México","Chihuahua, Chih., México",1147254.0,,20.6751707,-103.3473385,28.4854458,-105.7820674,1546.570434570312,1553.364013671875,,OK,,2026-07-15T11:46:05
"guadalajara, jal., mexico -> culiacan, sin., mexico","Guadalajara, Jal., México -> Culiacán, Sin., México","Guadalajara, Jal., México","Culiacán, Sin., México",684318.0,,20.6751707,-103.3473385,24.8090649,-107.3940117,1546.570434570312,44.73824691772461,,OK,,2026-07-15T11:46:06
"guadalajara, jal., mexico -> hermosillo, son., mexico","Guadalajara, Jal., México -> Hermosillo, Son., México","Guadalajara, Jal., México","Hermosillo, Son., México",1352109.0,,20.6751707,-103.3473385,29.0729673,-110.9559192,1546.570434570312,202.4286193847656,,OK,,2026-07-15T11:46:06
"guadalajara, jal., mexico -> juarez, chih., mexico","Guadalajara, Jal., México -> Juárez, Chih., México","Guadalajara, Jal., México","Juárez, Chih., México",1550742.0,,20.6751707,-103.3473385,31.6903638,-106.4245478,1546.570434570312,1127.196411132812,,OK,,2026-07-15T11:46:07
"guadalajara, jal., mexico -> mexicali, b.c., mexico","Guadalajara, Jal., México -> Mexicali, B.C., México","Guadalajara, Jal., México","Mexicali, B.C., México",2050174.0,,20.6751707,-103.3473385,32.6249284,-115.4435754,1546.570434570312,5.183290004730225,,OK,,2026-07-15T11:46:08
"guadalajara, jal., mexico -> monterrey, n.l., mexico","Guadalajara, Jal., México -> Monterrey, N.L., México","Guadalajara, Jal., México","Monterrey, N.L., México",811912.0,,20.6751707,-103.3473385,25.6866142,-100.3161126,1546.570434570312,541.4471435546875,,OK,,2026-07-15T11:46:09
"guadalajara, jal., mexico -> torreon, coah., mexico","Guadalajara, Jal., México -> Torreón, Coah., México","Guadalajara, Jal., México","Torreón, Coah., México",741466.0,,20.6751707,-103.3473385,25.5428443,-103.4067861,1546.570434570312,1128.250122070312,,OK,,2026-07-15T11:46:10
"guadalajara, jal., mexico -> villahermosa, tab., mexico","Guadalajara, Jal., México -> Villahermosa, Tab., México","Guadalajara, Jal., México","Villahermosa, Tab., México",1286548.0,,20.6751707,-103.3473385,17.989456,-92.9475061,1546.570434570312,20.52006149291992,,OK,,2026-07-15T11:46:11
"guadalajara -> ciudad de mexico, cdmx, mexico","guadalajara -> Ciudad de México, CDMX, México",guadalajara,"Ciudad de México, CDMX, México",549385.0,,20.6751707,-103.3473385,19.4326077,-99.133208,1546.570434570312,2229.72216796875,,OK,,2026-07-15T11:46:12
ecatepec -> acapulco,Ecatepec -> Acapulco,Ecatepec,Acapulco,403216.0,,19.5671142,-99.0445193,16.8639515,-99.8822807,2238.889404296875,15.09988689422607,,OK,,2026-07-15T11:46:13
ecatepec -> cd. juarez,Ecatepec -> Cd. Juarez,Ecatepec,Cd. Juarez,1776111.0,,19.5671142,-99.0445193,31.6903638,-106.4245478,2238.889404296875,1127.196411132812,,OK,,2026-07-15T11:46:14
ecatepec -> chihuahua,Ecatepec -> Chihuahua,Ecatepec,Chihuahua,,,,,,,,,,ERROR,La ruta devolvio estado NOT_FOUND.,2026-07-15T11:46:14
ecatepec -> culiacan,Ecatepec -> Culiacan,Ecatepec,Culiacan,1213829.0,,19.5671142,-99.0445193,24.8090649,-107.3940117,2238.889404296875,44.73824691772461,,OK,,2026-07-15T11:46:15
ecatepec -> durango,Ecatepec -> Durango,Ecatepec,Durango,2570499.0,,19.5671142,-99.0445193,37.2739528,-107.8792499,2238.889404296875,2000.807495117188,,OK,,2026-07-15T11:46:16
ecatepec -> gomez palacio,Ecatepec -> Gomez Palacio,Ecatepec,Gomez Palacio,963700.0,,19.5671142,-99.0445193,25.589081,-103.4856462,2238.889404296875,1122.735107421875,,OK,,2026-07-15T11:46:17
ecatepec -> guadalajara,Ecatepec -> Guadalajara,Ecatepec,Guadalajara,531954.0,,19.5671142,-99.0445193,20.6751707,-103.3473385,2238.889404296875,1546.570434570312,,OK,,2026-07-15T11:46:18
ecatepec -> hermosillo,Ecatepec -> Hermosillo,Ecatepec,Hermosillo,1881620.0,,19.5671142,-99.0445193,29.0729673,-110.9559192,2238.889404296875,202.4286193847656,,OK,,2026-07-15T11:46:19
ecatepec -> heroica veracruz,Ecatepec -> Heroica Veracruz,Ecatepec,Heroica Veracruz,427285.0,,19.5671142,-99.0445193,19.173773,-96.1342241,2238.889404296875,4.375808238983154,,OK,,2026-07-15T11:46:20
ecatepec -> leon,Ecatepec -> Leon,Ecatepec,Leon,,,,,,,,,,ERROR,La ruta devolvio estado ZERO_RESULTS.,2026-07-15T11:46:20
ecatepec -> matamoros,Ecatepec -> Matamoros,Ecatepec,Matamoros,912506.0,,19.5671142,-99.0445193,25.8690294,-97.5027376,2238.889404296875,10.20967102050781,,OK,,2026-07-15T11:46:21
ecatepec -> merida,Ecatepec -> Merida,Ecatepec,Merida,1341010.0,,19.5671142,-99.0445193,20.9673702,-89.5925857,2238.889404296875,9.383517265319824,,OK,,2026-07-15T11:46:22
ecatepec -> mexicali,Ecatepec -> Mexicali,Ecatepec,Mexicali,2579685.0,,19.5671142,-99.0445193,32.6249284,-115.4435754,2238.889404296875,5.183290004730225,,OK,,2026-07-15T11:46:23
ecatepec -> monterrey,Ecatepec -> Monterrey,Ecatepec,Monterrey,889402.0,,19.5671142,-99.0445193,25.6866142,-100.3161126,2238.889404296875,541.4471435546875,,OK,,2026-07-15T11:46:24
ecatepec -> nuevo laredo,Ecatepec -> Nuevo Laredo,Ecatepec,Nuevo Laredo,1097167.0,,19.5671142,-99.0445193,27.4779362,-99.549573,2238.889404296875,141.5451812744141,,OK,,2026-07-15T11:46:25
ecatepec -> piedras negras,Ecatepec -> Piedras Negras,Ecatepec,Piedras Negras,1236602.0,,19.5671142,-99.0445193,28.6916182,-100.5408622,2238.889404296875,239.4914093017578,,OK,,2026-07-15T11:46:26
ecatepec -> puebla,Ecatepec -> Puebla,Ecatepec,Puebla,165034.0,,19.5671142,-99.0445193,19.0414398,-98.2062727,2238.889404296875,2147.357421875,,OK,,2026-07-15T11:46:26
ecatepec -> reynosa,Ecatepec -> Reynosa,Ecatepec,Reynosa,923502.0,,19.5671142,-99.0445193,26.0915309,-98.2777687,2238.889404296875,41.61340713500977,,OK,,2026-07-15T11:46:27
ecatepec -> tijuana,Ecatepec -> Tijuana,Ecatepec,Tijuana,2908664.0,,19.5671142,-99.0445193,32.5331957,-117.0192784,2238.889404296875,22.42227745056152,,OK,,2026-07-15T11:46:28
ecatepec -> toluca,Ecatepec -> Toluca,Ecatepec,Toluca,87722.0,,19.5671142,-99.0445193,19.2826098,-99.6556653,2238.889404296875,2670.009765625,,OK,,2026-07-15T11:46:29
ecatepec -> villahermosa,Ecatepec -> Villahermosa,Ecatepec,Villahermosa,780207.0,,19.5671142,-99.0445193,17.989456,-92.9475061,2238.889404296875,20.52006149291992,,OK,,2026-07-15T11:46:30
"manzanillo, colima, mexico -> san juan de los lagos, jalisco, mexico","Manzanillo, Colima, México -> San Juan de los Lagos, Jalisco, México","Manzanillo, Colima, México","San Juan de los Lagos, Jalisco, México",429447.0,,19.0536292,-104.3170724,21.2474689,-102.3316999,8.365846633911133,1726.9990234375,,OK,,2026-07-15T11:48:05
"ecatepec de morelos, estado de mexico, mexico -> chihuahua, chihuahua, mexico","Ecatepec de Morelos, Estado de México, México -> Chihuahua, Chihuahua, México","Ecatepec de Morelos, Estado de México, México","Chihuahua, Chihuahua, México",1408132.0,,19.5671142,-99.0445193,28.6433753,-106.0587908,2238.889404296875,1440.269775390625,,OK,,2026-07-15T11:48:06
"ecatepec de morelos, estado de mexico, mexico -> leon, guanajuato, mexico","Ecatepec de Morelos, Estado de México, México -> León, Guanajuato, México","Ecatepec de Morelos, Estado de México, México","León, Guanajuato, México",359159.0,,19.5671142,-99.0445193,21.1250077,-101.6859605,2238.889404296875,1804.703125,,OK,,2026-07-15T11:48:07
"tonal, jalisco -> zapopan, jalisco","Tonal?, Jalisco -> Zapopan, Jalisco","Tonal?, Jalisco","Zapopan, Jalisco",21880.0,,20.6237413,-103.2413723,20.6719563,-103.416501,1662.29296875,1629.765258789062,,OK,,2026-07-17T11:58:34
"cuautitlan, estado de mexico -> ciudad hidalgo, chiapas","Cuautitlán, Estado de México -> Ciudad Hidalgo, Chiapas","Cuautitlán, Estado de México","Ciudad Hidalgo, Chiapas",1226945.0,,19.6695008,-99.1655054,14.6796279,-92.1525959,2248.847412109375,30.22902488708496,,OK,,2026-07-20T10:57:34
"azcapotzalco, ciudad de mexico -> torreon, coahuila de zaragoza","Azcapotzalco, Ciudad de México -> Torreón, Coahuila de Zaragoza","Azcapotzalco, Ciudad de México","Torreón, Coahuila de Zaragoza",968692.0,,19.4846606,-99.1886749,25.5428443,-103.4067861,2247.478759765625,1128.250122070312,,OK,,2026-07-21T13:57:35
"tizayuca, hidalgo -> torreon, coahuila de zaragoza","Tizayuca, Hidalgo -> Torreón, Coahuila de Zaragoza","Tizayuca, Hidalgo","Torreón, Coahuila de Zaragoza",971450.0,,19.8392372,-98.9848677,25.5428443,-103.4067861,2266.630859375,1128.250122070312,,OK,,2026-07-21T14:01:10
"tequila, jalisco -> sayulita, nayarit","Tequila, Jalisco -> Sayulita, Nayarit","Tequila, Jalisco","Sayulita, Nayarit",209131.0,9186.0,20.8819452,-103.8325001,20.8690862,-105.4410109,1193.37158203125,10.51851177215576,distance_matrix,OK,,2026-07-28T20:05:34+00:00
"tonala, jalisco -> manzanillo","Tonalá, Jalisco -> manzanillo","Tonalá, Jalisco",manzanillo,304517.0,14660.0,20.6237413,-103.2413723,19.0536292,-104.3170724,1662.29296875,8.365846633911133,distance_matrix,OK,,2026-07-28T20:57:35+00:00
"lagos de moreno, jalisco -> manzanillo, colima","Lagos de Moreno, Jalisco -> Manzanillo, Colima","Lagos de Moreno, Jalisco","Manzanillo, Colima",474128.0,20634.0,21.3634964,-101.9291015,19.0536292,-104.3170724,1917.813598632812,8.365846633911133,distance_matrix,OK,,2026-07-31T16:47:29+00:00
"laredo, texas -> addison, illinois, estados unidos","Laredo, Texas -> Addison, Illinois, Estados Unidos","Laredo, Texas","Addison, Illinois, Estados Unidos",2170990.0,73331.0,27.5035613,-99.5075519,41.931696,-87.9889556,129.2351531982422,211.2352600097656,distance_matrix,OK,,2026-07-31T17:09:23+00:00
"monterrey, nuevo leon -> culiacan, sinaloa","Monterrey, Nuevo Leon -> Culiacán, Sinaloa","Monterrey, Nuevo Leon","Culiacán, Sinaloa",1039620.0,43149.0,25.6866142,-100.3161126,24.8090649,-107.3940117,541.4471435546875,44.73824691772461,distance_matrix,OK,,2026-08-02T21:04:20+00:00
